Utc,Role,Machine,Fps,Kbps,FramesTotal,FramesDropped,BytesTotal,WorkingSetMB,PrivateMB,DeltaFps,HangSuspect,LagSuspect,ZeroFpsStreak,SessionSeconds,TimerSkewMs
2026-09-12T06:17:31.8298547+00:00,host,DESKTOP-4DU3C4H,0,0,0,0,0,323.6,218.0,0,0,0,0,1,0
2026-09-12T06:17:32.8236531+00:00,host,DESKTOP-4DU3C4H,6,11003,7,14,1547307,335.8,228.1,6,0,0,0,2,0
2026-09-12T06:17:33.8243088+00:00,host,DESKTOP-4DU3C4H,6,11003,7,14,1547307,335.8,228.1,0,0,0,0,3,0
2026-09-12T06:17:34.8339990+00:00,host,DESKTOP-4DU3C4H,1,2518,10,15,2210983,335.8,225.5,-5,0,0,0,4,0
2026-09-12T06:17:35.8377813+00:00,host,DESKTOP-4DU3C4H,1,2518,10,15,2210983,335.8,219.7,0,0,0,0,5,15
2026-09-12T06:17:36.8511525+00:00,host,DESKTOP-4DU3C4H,2,2696,13,16,2874481,324.2,207.7,1,0,0,0,6,16
2026-09-12T06:17:37.8578842+00:00,host,DESKTOP-4DU3C4H,15,25603,29,50,6225312,317.3,201.0,13,0,0,0,7,0
2026-09-12T06:17:38.8628886+00:00,host,DESKTOP-4DU3C4H,14,20144,44,82,8861693,325.9,209.6,-1,0,0,0,8,0
2026-09-12T06:17:39.8521505+00:00,host,DESKTOP-4DU3C4H,8,7349,52,93,9823443,318.5,200.4,-6,0,0,0,9,0
2026-09-12T06:17:40.8601119+00:00,host,DESKTOP-4DU3C4H,8,7684,60,113,10783979,321.0,202.3,0,0,0,0,10,0
2026-09-12T06:17:41.8615008+00:00,host,DESKTOP-4DU3C4H,16,15895,76,152,12770903,321.1,196.2,8,0,0,0,11,0
2026-09-12T06:17:42.8538616+00:00,host,DESKTOP-4DU3C4H,11,11675,88,180,14298880,316.1,191.2,-5,0,0,0,12,0
2026-09-12T06:17:43.8516398+00:00,host,DESKTOP-4DU3C4H,15,14122,103,217,16118893,324.3,194.1,4,0,0,0,13,0
2026-09-12T06:17:44.8692758+00:00,host,DESKTOP-4DU3C4H,13,13494,117,245,17910231,329.3,199.3,-2,0,0,0,14,16
2026-09-12T06:17:45.8821958+00:00,host,DESKTOP-4DU3C4H,15,15008,132,288,19816232,322.0,191.8,2,0,0,0,15,15
2026-09-12T06:17:46.8881597+00:00,host,DESKTOP-4DU3C4H,6,6510,139,299,20706501,338.6,208.4,-9,0,1,0,16,0
2026-09-12T06:17:47.8914249+00:00,host,DESKTOP-4DU3C4H,2,1866,141,299,20961615,327.8,194.1,-4,0,0,0,17,0
2026-09-12T06:17:48.8841381+00:00,host,DESKTOP-4DU3C4H,4,3909,145,299,21472761,323.7,190.3,2,0,0,0,18,0
2026-09-12T06:17:49.8849868+00:00,host,DESKTOP-4DU3C4H,4,3594,149,299,21985383,324.2,190.2,0,0,0,0,19,0
2026-09-12T06:17:50.8937685+00:00,host,DESKTOP-4DU3C4H,9,8853,158,317,23109771,315.9,181.9,5,0,0,0,20,0
2026-09-12T06:17:51.8948747+00:00,host,DESKTOP-4DU3C4H,9,8853,158,317,23109771,321.1,186.0,0,0,0,0,21,0
2026-09-12T06:17:52.8923222+00:00,host,DESKTOP-4DU3C4H,12,11631,172,351,24813727,337.9,203.0,3,0,0,0,22,0
2026-09-12T06:17:53.8939866+00:00,host,DESKTOP-4DU3C4H,13,8648,186,377,25944504,316.9,181.6,1,0,0,0,23,0
2026-09-12T06:17:54.8841372+00:00,host,DESKTOP-4DU3C4H,14,8895,201,410,27160849,334.8,199.4,1,0,0,0,24,0
2026-09-12T06:17:55.9023982+00:00,host,DESKTOP-4DU3C4H,13,22244,214,446,30027483,323.8,188.6,-1,0,0,0,25,16
2026-09-12T06:17:56.9011407+00:00,host,DESKTOP-4DU3C4H,16,30659,231,463,34039951,331.2,195.7,3,0,0,0,26,0
2026-09-12T06:17:57.9020961+00:00,host,DESKTOP-4DU3C4H,16,31376,247,477,37961950,322.5,187.2,0,0,0,0,27,0
2026-09-12T06:17:58.9029708+00:00,host,DESKTOP-4DU3C4H,15,25943,262,494,41256656,322.1,187.0,-1,0,0,0,28,0
2026-09-12T06:17:59.8990764+00:00,host,DESKTOP-4DU3C4H,15,15903,277,533,43276379,334.7,199.8,0,0,0,0,29,0
2026-09-12T06:18:00.9014301+00:00,host,DESKTOP-4DU3C4H,15,24171,293,568,46436717,326.6,191.3,0,0,0,0,30,0
2026-09-12T06:18:01.9036037+00:00,host,DESKTOP-4DU3C4H,15,26239,308,607,49821585,332.8,198.3,0,0,0,0,31,0
2026-09-12T06:18:02.9085323+00:00,host,DESKTOP-4DU3C4H,16,29026,324,628,53504304,332.6,198.1,1,0,0,0,32,0
2026-09-12T06:18:03.9129495+00:00,host,DESKTOP-4DU3C4H,16,31160,340,672,57523936,325.0,190.4,0,0,0,0,33,15
2026-09-12T06:18:04.9283587+00:00,host,DESKTOP-4DU3C4H,14,20026,354,701,60027149,315.5,180.1,-2,0,0,0,34,16
2026-09-12T06:18:05.9351936+00:00,host,DESKTOP-4DU3C4H,14,14604,368,728,61909190,314.6,180.0,0,0,0,0,35,0
2026-09-12T06:18:06.9403491+00:00,host,DESKTOP-4DU3C4H,16,21173,384,772,64555801,314.4,179.7,2,0,0,0,36,0
2026-09-12T06:18:07.9417468+00:00,host,DESKTOP-4DU3C4H,16,24392,400,815,67604800,322.9,188.6,0,0,0,0,37,0
2026-09-12T06:18:08.9406414+00:00,host,DESKTOP-4DU3C4H,16,23881,416,859,70589951,315.5,181.1,0,0,0,0,38,0
2026-09-12T06:18:09.9392878+00:00,host,DESKTOP-4DU3C4H,16,23455,432,903,73565788,314.1,179.2,0,0,0,0,39,0
2026-09-12T06:18:10.9366226+00:00,host,DESKTOP-4DU3C4H,16,23897,448,946,76552958,322.2,187.4,0,0,0,0,40,0
2026-09-12T06:18:11.9314015+00:00,host,DESKTOP-4DU3C4H,16,24039,464,991,79557843,322.4,187.7,0,0,0,0,41,0
2026-09-12T06:18:12.9371762+00:00,host,DESKTOP-4DU3C4H,16,24148,480,1034,82576311,323.2,188.4,0,0,0,0,42,0
2026-09-12T06:18:13.9310505+00:00,host,DESKTOP-4DU3C4H,16,24316,496,1078,85615819,324.3,190.3,0,0,0,0,43,0
2026-09-12T06:18:14.9304723+00:00,host,DESKTOP-4DU3C4H,16,24610,512,1121,88692117,330.4,198.2,0,0,0,0,44,0
2026-09-12T06:18:15.9419001+00:00,host,DESKTOP-4DU3C4H,16,22403,528,1165,91492490,324.3,190.2,0,0,0,0,45,0
2026-09-12T06:18:16.9415188+00:00,host,DESKTOP-4DU3C4H,16,20301,545,1212,94149412,314.8,180.5,0,0,0,0,46,0
2026-09-12T06:18:17.9419315+00:00,host,DESKTOP-4DU3C4H,16,19682,561,1255,96649007,322.4,188.0,0,0,0,0,47,0
2026-09-12T06:18:18.9310513+00:00,host,DESKTOP-4DU3C4H,16,20290,578,1301,99304414,326.9,193.2,0,0,0,0,48,0
2026-09-12T06:18:19.9347007+00:00,host,DESKTOP-4DU3C4H,16,19992,594,1346,101803417,314.7,179.7,0,0,0,0,49,0
2026-09-12T06:18:20.9334993+00:00,host,DESKTOP-4DU3C4H,16,20318,611,1392,104462494,314.7,179.8,0,0,0,0,50,0
2026-09-12T06:18:21.9329983+00:00,host,DESKTOP-4DU3C4H,16,20320,628,1438,107121822,323.9,188.7,0,0,0,0,51,0
2026-09-12T06:18:22.9394851+00:00,host,DESKTOP-4DU3C4H,16,20038,644,1481,109626627,323.7,187.9,0,0,0,0,52,0
2026-09-12T06:18:23.9343694+00:00,host,DESKTOP-4DU3C4H,16,20355,661,1527,112288062,326.4,189.9,0,0,0,0,53,0
2026-09-12T06:18:24.9375383+00:00,host,DESKTOP-4DU3C4H,16,20370,678,1573,114953987,319.3,182.2,0,0,0,0,54,0
2026-09-12T06:18:25.9365997+00:00,host,DESKTOP-4DU3C4H,16,20062,694,1617,117461681,327.3,190.0,0,0,0,0,55,0
2026-09-12T06:18:26.9368661+00:00,host,DESKTOP-4DU3C4H,16,20358,711,1664,120126055,316.6,179.4,0,0,0,0,56,0
2026-09-12T06:18:27.9397231+00:00,host,DESKTOP-4DU3C4H,16,20354,728,1709,122789822,326.0,188.7,0,0,0,0,57,0
2026-09-12T06:18:28.9394955+00:00,host,DESKTOP-4DU3C4H,16,20070,744,1752,125298555,318.2,180.9,0,0,0,0,58,0
2026-09-12T06:18:29.9392120+00:00,host,DESKTOP-4DU3C4H,16,20361,761,1798,127963346,326.0,188.6,0,0,0,0,59,0
2026-09-12T06:18:30.9438229+00:00,host,DESKTOP-4DU3C4H,16,20367,778,1845,130628879,332.9,197.1,0,0,0,0,60,0
2026-09-12T06:18:31.9698456+00:00,host,DESKTOP-4DU3C4H,16,20352,795,1891,133292391,318.2,181.3,0,0,0,0,61,31
2026-09-12T06:18:32.9636662+00:00,host,DESKTOP-4DU3C4H,16,20047,811,1934,135798229,333.0,198.0,0,0,0,0,62,0
2026-09-12T06:18:33.9761375+00:00,host,DESKTOP-4DU3C4H,16,20047,811,1934,135798229,319.1,182.2,0,0,0,0,63,16
2026-09-12T06:18:34.9812690+00:00,host,DESKTOP-4DU3C4H,16,20353,828,1980,138461946,326.9,194.2,0,0,0,0,64,0
2026-09-12T06:18:35.9818338+00:00,host,DESKTOP-4DU3C4H,16,20075,844,2023,140971342,313.7,178.8,0,0,0,0,65,0
2026-09-12T06:18:36.9822590+00:00,host,DESKTOP-4DU3C4H,16,20379,861,2070,143635954,322.2,187.3,0,0,0,0,66,0
2026-09-12T06:18:37.9833109+00:00,host,DESKTOP-4DU3C4H,16,20067,877,2113,146144346,322.5,187.7,0,0,0,0,67,0
2026-09-12T06:18:38.9827840+00:00,host,DESKTOP-4DU3C4H,16,20362,894,2159,148809207,323.0,188.2,0,0,0,0,68,0
2026-09-12T06:18:39.9807508+00:00,host,DESKTOP-4DU3C4H,16,20357,911,2206,151473405,322.9,188.1,0,0,0,0,69,0
2026-09-12T06:18:40.9844757+00:00,host,DESKTOP-4DU3C4H,16,20044,927,2249,153978942,320.9,185.8,0,0,0,0,70,0
2026-09-12T06:18:41.9852791+00:00,host,DESKTOP-4DU3C4H,16,20360,944,2296,156643525,313.3,178.0,0,0,0,0,71,0
2026-09-12T06:18:42.9854043+00:00,host,DESKTOP-4DU3C4H,16,20069,960,2339,159152104,322.2,187.0,0,0,0,0,72,0
2026-09-12T06:18:43.9901409+00:00,host,DESKTOP-4DU3C4H,16,20064,976,2383,161660106,314.8,179.7,0,0,0,0,73,0
2026-09-12T06:18:45.0052687+00:00,host,DESKTOP-4DU3C4H,16,27410,992,2424,165141164,313.6,178.2,0,0,0,0,74,16
2026-09-12T06:18:45.9971056+00:00,host,DESKTOP-4DU3C4H,12,23537,1004,2456,168083235,327.9,194.4,-4,0,0,0,75,0
2026-09-12T06:18:47.0055717+00:00,host,DESKTOP-4DU3C4H,13,14465,1017,2490,169891348,322.0,187.4,1,0,0,0,76,0
2026-09-12T06:18:48.0218318+00:00,host,DESKTOP-4DU3C4H,14,15622,1031,2522,171844080,322.0,187.4,1,0,0,0,77,15
2026-09-12T06:18:49.0389194+00:00,host,DESKTOP-4DU3C4H,16,20078,1048,2563,174471807,321.0,185.9,2,0,0,0,78,31
2026-09-12T06:18:50.0412065+00:00,host,DESKTOP-4DU3C4H,16,23865,1064,2607,177499705,320.9,185.8,0,0,0,0,79,0
2026-09-12T06:18:51.0427953+00:00,host,DESKTOP-4DU3C4H,16,23723,1080,2652,180465113,313.2,178.0,0,0,0,0,80,0
2026-09-12T06:18:52.0433882+00:00,host,DESKTOP-4DU3C4H,16,23726,1096,2695,183430908,321.2,186.1,0,0,0,0,81,0
2026-09-12T06:18:53.0485426+00:00,host,DESKTOP-4DU3C4H,16,24188,1113,2741,186596524,319.0,186.9,0,0,0,0,82,0
2026-09-12T06:18:54.0506534+00:00,host,DESKTOP-4DU3C4H,16,24337,1130,2787,189781620,321.4,185.6,0,0,0,0,83,0
2026-09-12T06:18:55.0483021+00:00,host,DESKTOP-4DU3C4H,16,24164,1146,2831,192802176,313.6,177.7,0,0,0,0,84,0
2026-09-12T06:18:56.0510234+00:00,host,DESKTOP-4DU3C4H,16,24288,1162,2875,195838150,321.5,185.7,0,0,0,0,85,0
2026-09-12T06:18:57.0526579+00:00,host,DESKTOP-4DU3C4H,16,24659,1178,2918,198920493,321.2,185.4,0,0,0,0,86,0
2026-09-12T06:18:58.0390154+00:00,host,DESKTOP-4DU3C4H,16,20372,1195,2963,201624899,313.6,177.8,0,0,0,0,87,0
2026-09-12T06:18:59.0421119+00:00,host,DESKTOP-4DU3C4H,16,20245,1212,3009,204274400,321.3,185.6,0,0,0,0,88,0
2026-09-12T06:19:00.0414528+00:00,host,DESKTOP-4DU3C4H,16,20253,1229,3055,206924958,313.6,177.9,0,0,0,0,89,0
2026-09-12T06:19:01.0433249+00:00,host,DESKTOP-4DU3C4H,16,20256,1246,3101,209575901,313.7,177.9,0,0,0,0,90,0
2026-09-12T06:19:02.0453356+00:00,host,DESKTOP-4DU3C4H,16,19964,1262,3144,212071406,313.8,177.9,0,0,0,0,91,0
2026-09-12T06:19:03.0458714+00:00,host,DESKTOP-4DU3C4H,16,20269,1279,3190,214724167,322.5,186.9,0,0,0,0,92,0
2026-09-12T06:19:04.0490342+00:00,host,DESKTOP-4DU3C4H,16,20279,1296,3236,217378202,329.0,194.1,0,0,0,0,93,0
2026-09-12T06:19:05.0487979+00:00,host,DESKTOP-4DU3C4H,16,20294,1313,3283,220034195,323.4,193.8,0,0,0,0,94,0
2026-09-12T06:19:06.0531843+00:00,host,DESKTOP-4DU3C4H,16,20307,1330,3327,222691879,329.0,193.9,0,0,0,0,95,0
2026-09-12T06:19:07.0660943+00:00,host,DESKTOP-4DU3C4H,16,20029,1346,3371,225195511,322.9,186.5,0,0,0,0,96,16
2026-09-12T06:19:08.0672205+00:00,host,DESKTOP-4DU3C4H,16,20426,1363,3416,227866210,322.6,186.2,0,0,0,0,97,0
2026-09-12T06:19:09.0608298+00:00,host,DESKTOP-4DU3C4H,16,25964,1379,3458,231163658,320.1,186.8,0,0,0,0,98,0
2026-09-12T06:19:10.0696783+00:00,host,DESKTOP-4DU3C4H,16,36360,1395,3500,235708646,323.8,187.4,0,0,0,0,99,16
2026-09-12T06:19:11.0765761+00:00,host,DESKTOP-4DU3C4H,14,32281,1410,3530,239933437,340.1,203.7,-2,0,0,0,100,0
2026-09-12T06:19:12.0753812+00:00,host,DESKTOP-4DU3C4H,11,11926,1421,3572,241424197,323.6,187.0,-3,0,0,0,101,0
2026-09-12T06:19:13.0792802+00:00,host,DESKTOP-4DU3C4H,13,14462,1435,3610,243316897,316.3,179.8,2,0,0,0,102,0
2026-09-12T06:19:14.0775892+00:00,host,DESKTOP-4DU3C4H,16,19348,1451,3650,245771677,324.3,188.2,3,0,0,0,103,0
2026-09-12T06:19:15.0866520+00:00,host,DESKTOP-4DU3C4H,16,23265,1467,3695,248726277,313.1,176.1,0,0,0,0,104,15
2026-09-12T06:19:16.1006848+00:00,host,DESKTOP-4DU3C4H,16,23098,1483,3739,251613543,314.8,178.5,0,0,0,0,105,0
2026-09-12T06:19:17.1077807+00:00,host,DESKTOP-4DU3C4H,16,23180,1499,3783,254510990,315.4,179.0,0,0,0,0,106,16
2026-09-12T06:19:18.1173755+00:00,host,DESKTOP-4DU3C4H,16,23605,1516,3828,257600254,323.5,187.3,0,0,0,0,107,16
2026-09-12T06:19:19.1172368+00:00,host,DESKTOP-4DU3C4H,16,23785,1533,3874,260713088,322.8,186.6,0,0,0,0,108,0
2026-09-12T06:19:20.1348819+00:00,host,DESKTOP-4DU3C4H,16,23562,1549,3918,263658370,323.1,187.1,0,0,0,0,109,15
2026-09-12T06:19:21.1395194+00:00,host,DESKTOP-4DU3C4H,16,24071,1566,3964,266808712,323.7,187.7,0,0,0,0,110,0
2026-09-12T06:19:22.1382771+00:00,host,DESKTOP-4DU3C4H,16,24061,1582,4007,269816364,324.4,188.3,0,0,0,0,111,0
2026-09-12T06:19:23.1382282+00:00,host,DESKTOP-4DU3C4H,16,23061,1598,4051,272699008,319.1,182.7,0,0,0,0,112,0
2026-09-12T06:19:24.1407618+00:00,host,DESKTOP-4DU3C4H,16,19660,1615,4098,275271963,327.1,190.8,0,0,0,0,113,0
2026-09-12T06:19:25.1422773+00:00,host,DESKTOP-4DU3C4H,16,19660,1615,4098,275271963,327.5,191.6,0,0,0,0,114,0
2026-09-12T06:19:26.1427732+00:00,host,DESKTOP-4DU3C4H,16,19973,1632,4143,277845945,319.7,183.7,0,0,0,0,115,0
2026-09-12T06:19:27.1467395+00:00,host,DESKTOP-4DU3C4H,16,19658,1649,4188,280418655,342.2,207.3,0,0,0,0,116,0
2026-09-12T06:19:28.1626420+00:00,host,DESKTOP-4DU3C4H,16,19657,1666,4234,282991275,317.1,181.0,0,0,0,0,117,16
2026-09-12T06:19:29.1608489+00:00,host,DESKTOP-4DU3C4H,16,19700,1683,4280,285566999,317.2,181.1,0,0,0,0,118,0
2026-09-12T06:19:30.1626433+00:00,host,DESKTOP-4DU3C4H,16,19694,1700,4326,288144400,334.5,199.1,0,0,0,0,119,0
2026-09-12T06:19:31.1654306+00:00,host,DESKTOP-4DU3C4H,16,19428,1716,4370,290572859,334.4,198.9,0,0,0,0,120,15
2026-09-12T06:19:32.1667539+00:00,host,DESKTOP-4DU3C4H,16,19710,1733,4415,293152418,334.3,198.9,0,0,0,0,121,0
2026-09-12T06:19:33.1668073+00:00,host,DESKTOP-4DU3C4H,16,20015,1750,4461,295731822,334.6,199.0,0,0,0,0,122,0
2026-09-12T06:19:34.1667231+00:00,host,DESKTOP-4DU3C4H,16,19726,1767,4506,298313460,325.1,189.8,0,0,0,0,123,0
2026-09-12T06:19:35.1678052+00:00,host,DESKTOP-4DU3C4H,16,19733,1784,4552,300895969,325.2,189.9,0,0,0,0,124,0
2026-09-12T06:19:36.1701846+00:00,host,DESKTOP-4DU3C4H,16,19736,1801,4598,303478911,317.5,182.4,0,0,0,0,125,0
2026-09-12T06:19:37.1700053+00:00,host,DESKTOP-4DU3C4H,16,19724,1818,4643,306060310,323.7,187.7,0,0,0,0,126,0
2026-09-12T06:19:38.1714108+00:00,host,DESKTOP-4DU3C4H,16,19725,1835,4689,308641844,321.9,185.7,0,0,0,0,127,0
2026-09-12T06:19:39.1729778+00:00,host,DESKTOP-4DU3C4H,16,19733,1852,4735,311224399,314.1,177.6,0,0,0,0,128,0
2026-09-12T06:19:40.1736794+00:00,host,DESKTOP-4DU3C4H,16,19721,1869,4781,313805436,315.2,179.0,0,0,0,0,129,0
2026-09-12T06:19:41.1741893+00:00,host,DESKTOP-4DU3C4H,16,19751,1886,4826,316387836,323.3,187.4,0,0,0,0,130,0
2026-09-12T06:19:42.1738880+00:00,host,DESKTOP-4DU3C4H,16,19736,1903,4872,318970755,324.1,188.3,0,0,0,0,131,0
2026-09-12T06:19:43.1798680+00:00,host,DESKTOP-4DU3C4H,16,19434,1919,4916,321400013,323.4,188.3,0,0,0,0,132,0
2026-09-12T06:19:44.1934012+00:00,host,DESKTOP-4DU3C4H,16,19747,1936,4963,323984403,323.2,186.7,0,0,0,0,133,16
2026-09-12T06:19:45.1825483+00:00,host,DESKTOP-4DU3C4H,16,19718,1953,5008,326564945,323.1,186.5,0,0,0,0,134,0
2026-09-12T06:19:46.1840408+00:00,host,DESKTOP-4DU3C4H,16,19730,1970,5054,329147092,323.0,186.6,0,0,0,0,135,0
2026-09-12T06:19:47.1841084+00:00,host,DESKTOP-4DU3C4H,16,19705,1987,5100,331725962,315.6,179.1,0,0,0,0,136,0
2026-09-12T06:19:48.1864170+00:00,host,DESKTOP-4DU3C4H,16,19721,2004,5146,334306956,315.6,179.1,0,0,0,0,137,0
2026-09-12T06:19:49.1888993+00:00,host,DESKTOP-4DU3C4H,16,19719,2021,5192,336887717,323.4,187.0,0,0,0,0,138,0
2026-09-12T06:19:50.1866979+00:00,host,DESKTOP-4DU3C4H,16,19443,2037,5236,339318035,331.4,195.0,0,0,0,0,139,0
2026-09-12T06:19:51.1900696+00:00,host,DESKTOP-4DU3C4H,16,20013,2054,5280,341897152,323.6,187.1,0,0,0,0,140,0
2026-09-12T06:19:52.1910396+00:00,host,DESKTOP-4DU3C4H,16,19417,2070,5325,344324255,323.8,187.5,0,0,0,0,141,0
2026-09-12T06:19:53.1901551+00:00,host,DESKTOP-4DU3C4H,16,19430,2086,5368,346753053,323.8,187.5,0,0,0,0,142,0
2026-09-12T06:19:54.1909604+00:00,host,DESKTOP-4DU3C4H,16,19430,2086,5368,346753053,315.6,179.5,0,0,0,0,143,0
2026-09-12T06:19:55.1922744+00:00,host,DESKTOP-4DU3C4H,16,19710,2103,5414,349332630,324.1,188.0,0,0,0,0,144,0
2026-09-12T06:19:56.1942486+00:00,host,DESKTOP-4DU3C4H,16,19702,2120,5459,351911082,323.5,187.4,0,0,0,0,145,0
2026-09-12T06:19:57.1934133+00:00,host,DESKTOP-4DU3C4H,16,20020,2137,5505,354491159,323.5,187.5,0,0,0,0,146,0
2026-09-12T06:19:58.1963296+00:00,host,DESKTOP-4DU3C4H,16,19707,2154,5551,357070342,331.0,195.4,0,0,0,0,147,16
2026-09-12T06:19:59.1971902+00:00,host,DESKTOP-4DU3C4H,16,19709,2171,5596,359649820,322.4,187.6,0,0,0,0,148,0
2026-09-12T06:20:00.2006897+00:00,host,DESKTOP-4DU3C4H,16,20017,2188,5642,362229451,315.4,179.4,0,0,0,0,149,0
2026-09-12T06:20:01.1979118+00:00,host,DESKTOP-4DU3C4H,16,19439,2204,5685,364659264,323.6,187.6,0,0,0,0,150,0
2026-09-12T06:20:02.2010331+00:00,host,DESKTOP-4DU3C4H,16,20038,2221,5730,367241632,323.7,187.7,0,0,0,0,151,0
2026-09-12T06:20:03.1999373+00:00,host,DESKTOP-4DU3C4H,16,19728,2238,5775,369823594,315.8,179.8,0,0,0,0,152,0
2026-09-12T06:20:04.2047821+00:00,host,DESKTOP-4DU3C4H,16,20023,2255,5820,372404023,323.7,187.7,0,0,0,0,153,0
2026-09-12T06:20:05.2040937+00:00,host,DESKTOP-4DU3C4H,16,19729,2272,5866,374986008,316.0,180.0,0,0,0,0,154,0
2026-09-12T06:20:06.2041002+00:00,host,DESKTOP-4DU3C4H,16,19439,2288,5909,377415870,315.8,179.7,0,0,0,0,155,0
2026-09-12T06:20:07.2064885+00:00,host,DESKTOP-4DU3C4H,16,20016,2305,5955,379995490,316.0,179.9,0,0,0,0,156,0
2026-09-12T06:20:08.2015780+00:00,host,DESKTOP-4DU3C4H,16,19408,2321,5992,382421548,323.9,187.8,0,0,0,0,157,0
2026-09-12T06:20:09.2021233+00:00,host,DESKTOP-4DU3C4H,15,18907,2336,6037,384822696,324.1,188.3,-1,0,0,0,158,0
2026-09-12T06:20:10.2119748+00:00,host,DESKTOP-4DU3C4H,14,18155,2350,6075,387092018,324.4,188.5,-1,0,0,0,159,15
2026-09-12T06:20:11.2133722+00:00,host,DESKTOP-4DU3C4H,15,21362,2365,6112,389762227,322.9,186.2,1,0,0,0,160,0
2026-09-12T06:20:12.2160797+00:00,host,DESKTOP-4DU3C4H,14,20763,2380,6156,392601608,330.3,194.6,-1,0,0,0,161,0
2026-09-12T06:20:13.2228204+00:00,host,DESKTOP-4DU3C4H,16,23496,2396,6200,395538576,315.5,179.1,2,0,0,0,162,0
2026-09-12T06:20:14.2121520+00:00,host,DESKTOP-4DU3C4H,16,23149,2412,6242,398475610,316.9,187.3,0,0,0,0,163,0
2026-09-12T06:20:15.2213784+00:00,host,DESKTOP-4DU3C4H,16,23104,2428,6283,401409827,323.9,187.5,0,0,0,0,164,0
2026-09-12T06:20:16.2113820+00:00,host,DESKTOP-4DU3C4H,16,23487,2444,6328,404345745,323.9,187.6,0,0,0,0,165,0
2026-09-12T06:20:17.2208453+00:00,host,DESKTOP-4DU3C4H,16,22492,2460,6369,407157301,315.8,179.5,0,0,0,0,166,0
2026-09-12T06:20:18.2176036+00:00,host,DESKTOP-4DU3C4H,16,19021,2476,6414,409573000,316.8,181.3,0,0,0,0,167,0
2026-09-12T06:20:19.2122911+00:00,host,DESKTOP-4DU3C4H,16,31982,2492,6456,413630659,317.8,182.3,0,0,0,0,168,0
2026-09-12T06:20:20.2258844+00:00,host,DESKTOP-4DU3C4H,12,18865,2504,6491,416061874,325.2,189.7,-4,0,0,0,169,0
2026-09-12T06:20:21.2288939+00:00,host,DESKTOP-4DU3C4H,12,18865,2504,6491,416061874,333.4,197.9,0,0,0,0,170,16
2026-09-12T06:20:22.2302356+00:00,host,DESKTOP-4DU3C4H,10,12858,2519,6524,418398870,318.1,182.2,-2,0,0,0,171,0
2026-09-12T06:20:23.2323263+00:00,host,DESKTOP-4DU3C4H,3,3432,2522,6524,418867787,342.6,206.9,-7,0,0,0,172,0
2026-09-12T06:20:24.2328575+00:00,host,DESKTOP-4DU3C4H,3,3582,2525,6524,419336617,341.3,205.6,0,0,0,0,173,0
2026-09-12T06:20:25.2329134+00:00,host,DESKTOP-4DU3C4H,4,4707,2529,6524,419961994,324.1,188.4,1,0,0,0,174,0
2026-09-12T06:20:26.2326882+00:00,host,DESKTOP-4DU3C4H,15,18825,2545,6558,422461040,324.6,189.1,11,0,0,0,175,0
2026-09-12T06:20:27.2334658+00:00,host,DESKTOP-4DU3C4H,15,14373,2560,6590,424286349,325.4,190.1,0,0,0,0,176,0
2026-09-12T06:20:28.2413036+00:00,host,DESKTOP-4DU3C4H,16,23403,2577,6636,427302399,316.7,181.1,1,0,0,0,177,0
2026-09-12T06:20:29.2496237+00:00,host,DESKTOP-4DU3C4H,16,23315,2593,6679,430216794,325.2,189.5,0,0,0,0,178,16
2026-09-12T06:20:30.2536137+00:00,host,DESKTOP-4DU3C4H,16,24047,2610,6724,433363945,325.4,189.6,0,0,0,0,179,0
2026-09-12T06:20:31.2475395+00:00,host,DESKTOP-4DU3C4H,16,23672,2627,6771,436462055,317.1,180.8,0,0,0,0,180,0
2026-09-12T06:20:32.2578534+00:00,host,DESKTOP-4DU3C4H,16,23767,2644,6816,439572499,324.7,188.5,0,0,0,0,181,15
2026-09-12T06:20:33.2720706+00:00,host,DESKTOP-4DU3C4H,16,23858,2661,6862,442694885,324.7,188.6,0,0,0,0,182,0
2026-09-12T06:20:34.2579707+00:00,host,DESKTOP-4DU3C4H,16,24373,2678,6908,445835914,316.9,180.7,0,0,0,0,183,0
2026-09-12T06:20:35.2655068+00:00,host,DESKTOP-4DU3C4H,16,24168,2695,6953,448998847,333.2,197.1,0,0,0,0,184,0
2026-09-12T06:20:36.2627370+00:00,host,DESKTOP-4DU3C4H,16,24394,2712,6998,452191383,330.8,196.5,0,0,0,0,185,0
2026-09-12T06:20:37.2639390+00:00,host,DESKTOP-4DU3C4H,16,24005,2728,7043,455192010,316.6,180.6,0,0,0,0,186,0
2026-09-12T06:20:38.2658377+00:00,host,DESKTOP-4DU3C4H,16,19980,2745,7088,457766952,316.5,180.5,0,0,0,0,187,0
2026-09-12T06:20:39.2653781+00:00,host,DESKTOP-4DU3C4H,16,19689,2762,7133,460343705,332.3,196.2,0,0,0,0,188,0
2026-09-12T06:20:40.2680909+00:00,host,DESKTOP-4DU3C4H,16,19690,2779,7180,462920634,316.4,180.2,0,0,0,0,189,0
2026-09-12T06:20:41.2712344+00:00,host,DESKTOP-4DU3C4H,16,19411,2795,7223,465346978,316.4,180.2,0,0,0,0,190,0
2026-09-12T06:20:42.2742169+00:00,host,DESKTOP-4DU3C4H,16,20034,2812,7268,467928836,324.2,188.1,0,0,0,0,191,16
2026-09-12T06:20:43.2745850+00:00,host,DESKTOP-4DU3C4H,16,19724,2829,7314,470510240,316.3,180.1,0,0,0,0,192,0
2026-09-12T06:20:44.2789350+00:00,host,DESKTOP-4DU3C4H,16,19725,2846,7359,473091710,331.0,196.6,0,0,0,0,193,0
2026-09-12T06:20:45.2802383+00:00,host,DESKTOP-4DU3C4H,16,19778,2863,7405,475677661,316.5,180.3,0,0,0,0,194,0
2026-09-12T06:20:46.2788770+00:00,host,DESKTOP-4DU3C4H,16,19762,2880,7451,478264021,331.7,196.9,0,0,0,0,195,0
2026-09-12T06:20:47.2831650+00:00,host,DESKTOP-4DU3C4H,16,20054,2897,7496,480851047,317.2,181.3,0,0,0,0,196,0
2026-09-12T06:20:48.2845230+00:00,host,DESKTOP-4DU3C4H,16,20054,2897,7496,480851047,325.0,189.2,0,0,0,0,197,0
2026-09-12T06:20:49.2837246+00:00,host,DESKTOP-4DU3C4H,16,19784,2914,7542,483437834,317.1,181.6,0,0,0,0,198,0
2026-09-12T06:20:50.2847441+00:00,host,DESKTOP-4DU3C4H,16,19758,2931,7588,486023701,317.5,181.6,0,0,0,0,199,0
2026-09-12T06:20:51.2881211+00:00,host,DESKTOP-4DU3C4H,16,19775,2948,7633,488611740,317.7,181.9,0,0,0,0,200,0
2026-09-12T06:20:52.2904589+00:00,host,DESKTOP-4DU3C4H,16,20071,2965,7679,491198441,317.7,181.9,0,0,0,0,201,15
2026-09-12T06:20:53.2911773+00:00,host,DESKTOP-4DU3C4H,16,19746,2982,7724,493782662,323.7,187.2,0,0,0,0,202,0
2026-09-12T06:20:54.3030666+00:00,host,DESKTOP-4DU3C4H,16,20046,2999,7769,496368609,323.9,187.4,0,0,0,0,203,0
2026-09-12T06:20:55.3047299+00:00,host,DESKTOP-4DU3C4H,16,19780,3016,7815,498954869,316.8,180.4,0,0,0,0,204,0
2026-09-12T06:20:56.2928093+00:00,host,DESKTOP-4DU3C4H,16,20054,3033,7860,501541774,316.8,180.4,0,0,0,0,205,0
2026-09-12T06:20:57.2937628+00:00,host,DESKTOP-4DU3C4H,16,19761,3050,7905,504127948,331.9,196.4,0,0,0,0,206,0
2026-09-12T06:20:58.2959625+00:00,host,DESKTOP-4DU3C4H,16,19786,3067,7951,506714965,330.7,196.3,0,0,0,0,207,0
2026-09-12T06:20:59.2969576+00:00,host,DESKTOP-4DU3C4H,16,20049,3084,7996,509301308,325.0,188.9,0,0,0,0,208,0
2026-09-12T06:21:00.2972289+00:00,host,DESKTOP-4DU3C4H,16,19462,3100,8041,511734003,325.1,188.9,0,0,0,0,209,0
2026-09-12T06:21:01.2991452+00:00,host,DESKTOP-4DU3C4H,16,20055,3117,8085,514318605,325.2,189.1,0,0,0,0,210,0
2026-09-12T06:21:02.3028859+00:00,host,DESKTOP-4DU3C4H,16,19746,3134,8130,516902839,317.2,181.0,0,0,0,0,211,0
2026-09-12T06:21:03.3032644+00:00,host,DESKTOP-4DU3C4H,16,20058,3151,8176,519487750,317.6,181.4,0,0,0,0,212,0
2026-09-12T06:21:04.2904039+00:00,host,DESKTOP-4DU3C4H,16,19459,3167,8219,521920145,325.2,188.9,0,0,0,0,213,0
2026-09-12T06:21:05.2923571+00:00,host,DESKTOP-4DU3C4H,16,20055,3184,8265,524504735,325.4,189.1,0,0,0,0,214,0
2026-09-12T06:21:06.2936911+00:00,host,DESKTOP-4DU3C4H,16,20029,3201,8310,527088476,325.0,188.7,0,0,0,0,215,0
2026-09-12T06:21:07.2945821+00:00,host,DESKTOP-4DU3C4H,16,19758,3218,8356,529671868,322.6,188.6,0,0,0,0,216,0
2026-09-12T06:21:08.2971139+00:00,host,DESKTOP-4DU3C4H,16,19730,3235,8401,532254021,325.1,188.8,0,0,0,0,217,0
2026-09-12T06:21:09.3005594+00:00,host,DESKTOP-4DU3C4H,16,19743,3252,8447,534837880,324.9,188.6,0,0,0,0,218,0
2026-09-12T06:21:10.3012187+00:00,host,DESKTOP-4DU3C4H,16,19739,3269,8493,537421233,325.3,189.1,0,0,0,0,219,0
2026-09-12T06:21:11.3009735+00:00,host,DESKTOP-4DU3C4H,16,20060,3286,8538,540006431,317.1,180.6,0,0,0,0,220,0
2026-09-12T06:21:12.3009946+00:00,host,DESKTOP-4DU3C4H,16,20027,3303,8583,542589904,324.9,188.6,0,0,0,0,221,0
2026-09-12T06:21:13.3009984+00:00,host,DESKTOP-4DU3C4H,16,19774,3320,8628,545175352,317.1,180.8,0,0,0,0,222,0
2026-09-12T06:21:14.3034741+00:00,host,DESKTOP-4DU3C4H,16,20041,3337,8674,547760622,324.7,188.3,0,0,0,0,223,0
2026-09-12T06:21:15.3053139+00:00,host,DESKTOP-4DU3C4H,16,19763,3354,8719,550347073,317.0,180.6,0,0,0,0,224,16
2026-09-12T06:21:16.3092293+00:00,host,DESKTOP-4DU3C4H,16,20071,3371,8764,552933697,317.1,180.6,0,0,0,0,225,0
2026-09-12T06:21:17.3124930+00:00,host,DESKTOP-4DU3C4H,16,20071,3371,8764,552933697,332.3,197.8,0,0,0,0,226,0
2026-09-12T06:21:18.3146403+00:00,host,DESKTOP-4DU3C4H,16,19756,3388,8810,555519303,334.1,197.8,0,0,0,0,227,0
2026-09-12T06:21:19.3177845+00:00,host,DESKTOP-4DU3C4H,16,19759,3405,8856,558105249,326.3,190.1,0,0,0,0,228,0
2026-09-12T06:21:20.3069716+00:00,host,DESKTOP-4DU3C4H,16,20050,3422,8901,560689173,324.3,187.9,0,0,0,0,229,0
2026-09-12T06:21:21.3113302+00:00,host,DESKTOP-4DU3C4H,16,19730,3439,8946,563271338,332.0,196.7,0,0,0,0,230,0
2026-09-12T06:21:22.3117019+00:00,host,DESKTOP-4DU3C4H,16,19719,3456,8992,565852022,317.2,181.1,0,0,0,0,231,0
2026-09-12T06:21:23.3136679+00:00,host,DESKTOP-4DU3C4H,16,20028,3473,9038,568433135,317.1,181.0,0,0,0,0,232,0
2026-09-12T06:21:24.3171575+00:00,host,DESKTOP-4DU3C4H,16,19707,3490,9083,571012290,333.5,197.5,0,0,0,0,233,0
2026-09-12T06:21:25.3196881+00:00,host,DESKTOP-4DU3C4H,16,20024,3507,9128,573592820,317.5,181.4,0,0,0,0,234,0
2026-09-12T06:21:26.3075159+00:00,host,DESKTOP-4DU3C4H,16,19706,3524,9173,576171865,325.2,189.0,0,0,0,0,235,0
2026-09-12T06:21:27.3072018+00:00,host,DESKTOP-4DU3C4H,16,19701,3541,9219,578750233,317.4,181.3,0,0,0,0,236,0
2026-09-12T06:21:28.3074200+00:00,host,DESKTOP-4DU3C4H,16,20000,3558,9265,581327751,317.3,181.1,0,0,0,0,237,0
2026-09-12T06:21:29.3094235+00:00,host,DESKTOP-4DU3C4H,16,19693,3575,9309,583905097,325.3,189.4,0,0,0,0,238,0
2026-09-12T06:21:30.3111097+00:00,host,DESKTOP-4DU3C4H,16,19988,3592,9355,586481035,340.3,205.7,0,0,0,0,239,0
2026-09-12T06:21:31.3115730+00:00,host,DESKTOP-4DU3C4H,16,19673,3609,9401,589055792,325.0,189.9,0,0,0,0,240,0
2026-09-12T06:21:32.3148385+00:00,host,DESKTOP-4DU3C4H,16,19693,3626,9447,591633161,317.8,181.9,0,0,0,0,241,0
2026-09-12T06:21:33.3165521+00:00,host,DESKTOP-4DU3C4H,16,19685,3643,9492,594209372,325.8,189.9,0,0,0,0,242,0
2026-09-12T06:21:34.3154085+00:00,host,DESKTOP-4DU3C4H,16,19982,3660,9537,596784553,326.3,190.6,0,0,0,0,243,0
2026-09-12T06:21:35.3176575+00:00,host,DESKTOP-4DU3C4H,16,19682,3677,9583,599360481,318.3,182.6,0,0,0,0,244,0
2026-09-12T06:21:36.3217091+00:00,host,DESKTOP-4DU3C4H,16,19675,3694,9628,601935473,323.9,187.2,0,0,0,0,245,16
2026-09-12T06:21:37.3284765+00:00,host,DESKTOP-4DU3C4H,16,19684,3711,9675,604511567,331.7,196.3,0,0,0,0,246,0
2026-09-12T06:21:38.3322646+00:00,host,DESKTOP-4DU3C4H,16,19717,3728,9721,607089620,316.7,180.1,0,0,0,0,247,0
2026-09-12T06:21:39.3360563+00:00,host,DESKTOP-4DU3C4H,16,19983,3745,9765,609667367,324.7,188.2,0,0,0,0,248,0
2026-09-12T06:21:40.3240927+00:00,host,DESKTOP-4DU3C4H,16,19686,3762,9811,612243712,316.8,180.3,0,0,0,0,249,0
2026-09-12T06:21:41.3240984+00:00,host,DESKTOP-4DU3C4H,16,19704,3779,9857,614819980,324.7,188.4,0,0,0,0,250,0
2026-09-12T06:21:42.3256485+00:00,host,DESKTOP-4DU3C4H,16,19704,3779,9857,614819980,324.3,187.8,0,0,0,0,251,0
2026-09-12T06:21:43.3230254+00:00,host,DESKTOP-4DU3C4H,16,19403,3812,9945,619822682,324.5,187.9,0,0,0,0,252,0
2026-09-12T06:21:44.3320038+00:00,host,DESKTOP-4DU3C4H,16,19403,3812,9945,619822682,316.9,180.4,0,0,0,0,253,0
2026-09-12T06:21:45.3298190+00:00,host,DESKTOP-4DU3C4H,16,20000,3829,9991,622400172,316.6,179.9,0,0,0,0,254,0
2026-09-12T06:21:46.3338978+00:00,host,DESKTOP-4DU3C4H,16,19403,3845,10035,624825550,324.0,187.4,0,0,0,0,255,0
2026-09-12T06:21:47.3335590+00:00,host,DESKTOP-4DU3C4H,16,19684,3862,10080,627401674,324.2,188.3,0,0,0,0,256,0
2026-09-12T06:21:48.3362224+00:00,host,DESKTOP-4DU3C4H,16,19994,3879,10125,629978462,324.0,188.2,0,0,0,0,257,0
2026-09-12T06:21:49.3233415+00:00,host,DESKTOP-4DU3C4H,16,19683,3896,10171,632554422,316.4,180.7,0,0,0,0,258,0
2026-09-12T06:21:50.3382564+00:00,host,DESKTOP-4DU3C4H,16,19995,3913,10216,635131242,324.4,188.6,0,0,0,0,259,15
2026-09-12T06:21:51.3377176+00:00,host,DESKTOP-4DU3C4H,16,19689,3930,10262,637708021,316.6,180.8,0,0,0,0,260,0
2026-09-12T06:21:52.3381849+00:00,host,DESKTOP-4DU3C4H,16,19691,3947,10307,640285087,324.3,188.4,0,0,0,0,261,0
2026-09-12T06:21:53.3377472+00:00,host,DESKTOP-4DU3C4H,16,19993,3964,10353,642861690,324.3,188.6,0,0,0,0,262,0
2026-09-12T06:21:54.3404055+00:00,host,DESKTOP-4DU3C4H,16,19989,3981,10398,645437794,316.6,180.0,0,0,0,0,263,0
2026-09-12T06:21:55.3423737+00:00,host,DESKTOP-4DU3C4H,16,19688,3998,10443,648014484,324.2,187.5,0,0,0,0,264,0
2026-09-12T06:21:56.3425154+00:00,host,DESKTOP-4DU3C4H,16,19687,4015,10489,650591068,324.4,187.8,0,0,0,0,265,0
2026-09-12T06:21:57.3421865+00:00,host,DESKTOP-4DU3C4H,16,19691,4032,10535,653168101,324.6,187.9,0,0,0,0,266,0
2026-09-12T06:21:58.3421557+00:00,host,DESKTOP-4DU3C4H,16,19693,4049,10580,655745389,316.6,180.0,0,0,0,0,267,0
2026-09-12T06:21:59.3449612+00:00,host,DESKTOP-4DU3C4H,16,19685,4066,10626,658321693,331.7,195.9,0,0,0,0,268,0
2026-09-12T06:22:00.3468708+00:00,host,DESKTOP-4DU3C4H,16,19999,4083,10671,660899012,316.4,179.6,0,0,0,0,269,0
2026-09-12T06:22:01.3487031+00:00,host,DESKTOP-4DU3C4H,16,19994,4100,10716,663475708,324.5,187.8,0,0,0,0,270,0
2026-09-12T06:22:02.3509979+00:00,host,DESKTOP-4DU3C4H,16,19693,4117,10761,666053015,324.2,187.4,0,0,0,0,271,0
2026-09-12T06:22:03.3526373+00:00,host,DESKTOP-4DU3C4H,16,20006,4134,10806,668631247,324.3,187.5,0,0,0,0,272,16
2026-09-12T06:22:04.3694423+00:00,host,DESKTOP-4DU3C4H,16,19702,4151,10852,671209720,316.0,179.4,0,0,0,0,273,16
2026-09-12T06:22:05.3715480+00:00,host,DESKTOP-4DU3C4H,16,19425,4167,10895,673637858,316.6,179.9,0,0,0,0,274,0
2026-09-12T06:22:06.3733237+00:00,host,DESKTOP-4DU3C4H,16,20010,4184,10941,676219208,324.2,187.6,0,0,0,0,275,0
2026-09-12T06:22:07.3757861+00:00,host,DESKTOP-4DU3C4H,16,19761,4201,10987,678802985,324.9,188.5,0,0,0,0,276,0
2026-09-12T06:22:08.3758537+00:00,host,DESKTOP-4DU3C4H,16,19744,4218,11032,681386984,324.9,188.5,0,0,0,0,277,0
2026-09-12T06:22:09.3782032+00:00,host,DESKTOP-4DU3C4H,16,19762,4235,11077,683973386,331.6,196.8,0,0,0,0,278,0
2026-09-12T06:22:10.3819775+00:00,host,DESKTOP-4DU3C4H,16,19761,4252,11122,686559564,316.0,179.1,0,0,0,0,279,0
2026-09-12T06:22:11.3834779+00:00,host,DESKTOP-4DU3C4H,16,19764,4269,11167,689146236,317.2,180.3,0,0,0,0,280,0
2026-09-12T06:22:12.3825452+00:00,host,DESKTOP-4DU3C4H,16,19764,4269,11167,689146236,324.7,187.8,0,0,0,0,281,0
2026-09-12T06:22:13.3713744+00:00,host,DESKTOP-4DU3C4H,16,19779,4286,11212,691734752,317.0,180.2,0,0,0,0,282,0
2026-09-12T06:22:14.3846237+00:00,host,DESKTOP-4DU3C4H,16,19772,4303,11258,694322419,317.0,180.0,0,0,0,0,283,15
2026-09-12T06:22:15.3852598+00:00,host,DESKTOP-4DU3C4H,16,19760,4320,11304,696908512,316.9,180.2,0,0,0,0,284,0
2026-09-12T06:22:16.3876272+00:00,host,DESKTOP-4DU3C4H,16,19797,4337,11350,699496918,324.8,187.8,0,0,0,0,285,0
2026-09-12T06:22:17.3869600+00:00,host,DESKTOP-4DU3C4H,16,19756,4354,11397,702082502,317.0,180.2,0,0,0,0,286,0
2026-09-12T06:22:18.3880893+00:00,host,DESKTOP-4DU3C4H,16,19770,4371,11442,704669880,324.8,188.2,0,0,0,0,287,0
2026-09-12T06:22:19.3920128+00:00,host,DESKTOP-4DU3C4H,16,19771,4388,11488,707257377,317.4,180.9,0,0,0,0,288,0
2026-09-12T06:22:20.3923603+00:00,host,DESKTOP-4DU3C4H,16,19753,4405,11533,709842612,316.8,180.1,0,0,0,0,289,0
2026-09-12T06:22:21.3935746+00:00,host,DESKTOP-4DU3C4H,16,19763,4422,11579,712429058,317.1,180.5,0,0,0,0,290,0
2026-09-12T06:22:22.3965011+00:00,host,DESKTOP-4DU3C4H,16,19765,4439,11625,715015754,330.9,196.2,0,0,0,0,291,0
2026-09-12T06:22:23.3955687+00:00,host,DESKTOP-4DU3C4H,16,19745,4456,11670,717599833,316.9,180.3,0,0,0,0,292,0
2026-09-12T06:22:24.3960653+00:00,host,DESKTOP-4DU3C4H,16,19762,4473,11716,720183752,317.3,180.6,0,0,0,0,293,0
2026-09-12T06:22:25.3966587+00:00,host,DESKTOP-4DU3C4H,16,19744,4490,11763,722767779,332.8,196.2,0,0,0,0,294,0
2026-09-12T06:22:26.4000430+00:00,host,DESKTOP-4DU3C4H,16,19459,4506,11806,725200117,317.2,180.5,0,0,0,0,295,0
2026-09-12T06:22:27.4021573+00:00,host,DESKTOP-4DU3C4H,16,20031,4523,11852,727784162,325.5,188.9,0,0,0,0,296,16
2026-09-12T06:22:28.4025613+00:00,host,DESKTOP-4DU3C4H,16,19465,4539,11895,730217313,325.3,188.8,0,0,0,0,297,0
2026-09-12T06:22:29.4045442+00:00,host,DESKTOP-4DU3C4H,16,19760,4556,11941,732800991,325.3,188.8,0,0,0,0,298,0
2026-09-12T06:22:30.4057373+00:00,host,DESKTOP-4DU3C4H,16,20027,4573,11986,735384509,317.4,180.6,0,0,0,0,299,0
2026-09-12T06:22:31.4061271+00:00,host,DESKTOP-4DU3C4H,16,19750,4590,12031,737969233,325.3,188.5,0,0,0,0,300,0
2026-09-12T06:22:32.4073413+00:00,host,DESKTOP-4DU3C4H,16,19768,4607,12077,740553909,317.4,180.6,0,0,0,0,301,0
2026-09-12T06:22:33.4073660+00:00,host,DESKTOP-4DU3C4H,16,19744,4624,12123,743137958,325.6,188.9,0,0,0,0,302,0
2026-09-12T06:22:34.4120993+00:00,host,DESKTOP-4DU3C4H,16,20026,4641,12168,745721288,325.4,188.6,0,0,0,0,303,0
2026-09-12T06:22:35.4132146+00:00,host,DESKTOP-4DU3C4H,16,19758,4658,12214,748304642,317.6,180.8,0,0,0,0,304,0
2026-09-12T06:22:36.4131971+00:00,host,DESKTOP-4DU3C4H,16,19474,4674,12258,750738931,325.7,189.0,0,0,0,0,305,0
2026-09-12T06:22:37.4143870+00:00,host,DESKTOP-4DU3C4H,16,20042,4691,12304,753324386,325.5,188.9,0,0,0,0,306,0
2026-09-12T06:22:38.4155686+00:00,host,DESKTOP-4DU3C4H,16,19757,4708,12349,755910097,325.6,188.8,0,0,0,0,307,15
2026-09-12T06:22:39.4175985+00:00,host,DESKTOP-4DU3C4H,16,19757,4708,12349,755910097,325.4,188.5,0,0,0,0,308,0
2026-09-12T06:22:40.4171841+00:00,host,DESKTOP-4DU3C4H,16,19765,4725,12394,758494386,325.3,188.6,0,0,0,0,309,0
2026-09-12T06:22:41.4197744+00:00,host,DESKTOP-4DU3C4H,16,19768,4742,12441,761081513,325.5,189.0,0,0,0,0,310,0
2026-09-12T06:22:42.4191347+00:00,host,DESKTOP-4DU3C4H,16,19756,4759,12487,763667116,317.3,180.6,0,0,0,0,311,0
2026-09-12T06:22:43.4197750+00:00,host,DESKTOP-4DU3C4H,16,19487,4775,12530,766102931,317.5,180.8,0,0,0,0,312,0
2026-09-12T06:22:44.4209889+00:00,host,DESKTOP-4DU3C4H,16,19753,4792,12576,768688150,325.5,188.9,0,0,0,0,313,0
2026-09-12T06:22:45.4227920+00:00,host,DESKTOP-4DU3C4H,16,19734,4809,12622,771270888,326.0,188.9,0,0,0,0,314,0
2026-09-12T06:22:46.4246030+00:00,host,DESKTOP-4DU3C4H,16,19445,4826,12668,773852261,327.5,190.7,0,0,0,0,315,0
2026-09-12T06:22:47.4272390+00:00,host,DESKTOP-4DU3C4H,16,20013,4843,12714,776433920,326.8,190.9,0,0,0,0,316,0
2026-09-12T06:22:48.4275021+00:00,host,DESKTOP-4DU3C4H,16,19418,4859,12757,778861214,334.6,198.9,0,0,0,0,317,0
2026-09-12T06:22:49.4290332+00:00,host,DESKTOP-4DU3C4H,16,19715,4876,12804,781441441,328.6,191.7,0,0,0,0,318,0
2026-09-12T06:22:50.4306300+00:00,host,DESKTOP-4DU3C4H,16,19743,4893,12849,784022889,328.8,192.0,0,0,0,0,319,0
2026-09-12T06:22:51.4167502+00:00,host,DESKTOP-4DU3C4H,16,19700,4910,12895,786601187,327.1,191.1,0,0,0,0,320,0
2026-09-12T06:22:52.4184353+00:00,host,DESKTOP-4DU3C4H,16,19708,4927,12941,789180440,327.1,191.2,0,0,0,0,321,0
2026-09-12T06:22:53.4191992+00:00,host,DESKTOP-4DU3C4H,16,19415,4943,12984,791607257,327.3,191.6,0,0,0,0,322,0
2026-09-12T06:22:54.4211964+00:00,host,DESKTOP-4DU3C4H,16,19694,4960,13030,794184738,328.0,192.0,0,0,0,0,323,0
2026-09-12T06:22:55.4228149+00:00,host,DESKTOP-4DU3C4H,16,19693,4977,13076,796762018,333.1,196.5,0,0,0,0,324,0
2026-09-12T06:22:56.4234231+00:00,host,DESKTOP-4DU3C4H,16,19697,4994,13122,799339873,324.2,186.4,0,0,0,0,325,0
2026-09-12T06:22:57.4234018+00:00,host,DESKTOP-4DU3C4H,16,19691,5011,13168,801916891,324.6,186.8,0,0,0,0,326,0
2026-09-12T06:22:58.4269391+00:00,host,DESKTOP-4DU3C4H,16,20006,5028,13213,804495215,339.3,202.7,0,0,0,0,327,0
2026-09-12T06:22:59.4288597+00:00,host,DESKTOP-4DU3C4H,16,19698,5045,13259,807073221,338.7,202.6,0,0,0,0,328,0
2026-09-12T06:23:00.4262361+00:00,host,DESKTOP-4DU3C4H,16,19676,5062,13304,809648369,335.2,198.4,0,0,0,0,329,0
2026-09-12T06:23:01.4274133+00:00,host,DESKTOP-4DU3C4H,16,19404,5078,13348,812073875,327.8,190.6,0,0,0,0,330,0
2026-09-12T06:23:02.4296062+00:00,host,DESKTOP-4DU3C4H,16,19992,5095,13394,814650291,328.2,191.1,0,0,0,0,331,0
2026-09-12T06:23:03.4332834+00:00,host,DESKTOP-4DU3C4H,16,19385,5111,13436,817073386,320.1,182.8,0,0,0,0,332,16
2026-09-12T06:23:04.4322487+00:00,host,DESKTOP-4DU3C4H,16,19685,5128,13482,819649692,319.9,182.7,0,0,0,0,333,0
2026-09-12T06:23:05.4354240+00:00,host,DESKTOP-4DU3C4H,16,19687,5145,13528,822226197,320.0,183.0,0,0,0,0,334,0
2026-09-12T06:23:06.4361931+00:00,host,DESKTOP-4DU3C4H,16,19689,5162,13573,824803028,327.9,190.7,0,0,0,0,335,0
2026-09-12T06:23:07.4356165+00:00,host,DESKTOP-4DU3C4H,16,20006,5179,13619,827381300,328.0,191.0,0,0,0,0,336,0
2026-09-12T06:23:08.4374569+00:00,host,DESKTOP-4DU3C4H,16,20006,5179,13619,827381300,320.0,182.8,0,0,0,0,337,0
2026-09-12T06:23:09.4366090+00:00,host,DESKTOP-4DU3C4H,16,19695,5196,13665,829958879,319.9,182.7,0,0,0,0,338,0
2026-09-12T06:23:10.4395396+00:00,host,DESKTOP-4DU3C4H,16,19401,5212,13709,832384015,320.6,183.1,0,0,0,0,339,0
2026-09-12T06:23:11.4412017+00:00,host,DESKTOP-4DU3C4H,16,19706,5229,13754,834963014,328.8,191.3,0,0,0,0,340,0
2026-09-12T06:23:12.4405880+00:00,host,DESKTOP-4DU3C4H,16,19708,5246,13800,837539872,320.7,183.2,0,0,0,0,341,0
2026-09-12T06:23:13.4418054+00:00,host,DESKTOP-4DU3C4H,16,19691,5263,13846,840116928,320.8,183.4,0,0,0,0,342,0
2026-09-12T06:23:14.4457863+00:00,host,DESKTOP-4DU3C4H,16,19931,5280,13891,842688049,328.8,191.5,0,0,0,0,343,0
2026-09-12T06:23:15.4464395+00:00,host,DESKTOP-4DU3C4H,16,19548,5297,13936,845243936,328.8,191.6,0,0,0,0,344,0
2026-09-12T06:23:16.4330923+00:00,host,DESKTOP-4DU3C4H,16,19439,5314,13983,847787972,321.1,183.7,0,0,0,0,345,0
2026-09-12T06:23:17.4349254+00:00,host,DESKTOP-4DU3C4H,16,19046,5330,14026,850168741,329.4,192.2,0,0,0,0,346,0
2026-09-12T06:23:18.4366902+00:00,host,DESKTOP-4DU3C4H,16,19508,5347,14072,852685288,329.9,192.7,0,0,0,0,347,0
2026-09-12T06:23:19.4405368+00:00,host,DESKTOP-4DU3C4H,16,18577,5363,14116,855042248,330.2,193.1,0,0,0,0,348,0
2026-09-12T06:23:20.4372542+00:00,host,DESKTOP-4DU3C4H,16,19036,5380,14162,857533575,329.7,192.5,0,0,0,0,349,0
2026-09-12T06:23:21.4387117+00:00,host,DESKTOP-4DU3C4H,16,18940,5397,14208,860012311,321.9,184.7,0,0,0,0,350,0
2026-09-12T06:23:22.4398405+00:00,host,DESKTOP-4DU3C4H,16,18863,5414,14254,862480954,330.2,193.0,0,0,0,0,351,0
2026-09-12T06:23:23.4436755+00:00,host,DESKTOP-4DU3C4H,16,18935,5431,14299,864959010,337.6,201.3,0,0,0,0,352,0
2026-09-12T06:23:24.4458681+00:00,host,DESKTOP-4DU3C4H,16,19035,5448,14346,867450180,330.1,192.9,0,0,0,0,353,0
2026-09-12T06:23:25.4458226+00:00,host,DESKTOP-4DU3C4H,16,19159,5465,14391,869955162,329.8,192.8,0,0,0,0,354,0
2026-09-12T06:23:26.4481676+00:00,host,DESKTOP-4DU3C4H,16,19252,5482,14437,872474719,329.9,192.6,0,0,0,0,355,16
2026-09-12T06:23:27.4644201+00:00,host,DESKTOP-4DU3C4H,16,19348,5499,14482,875006865,330.1,192.9,0,0,0,0,356,15
2026-09-12T06:23:28.4644516+00:00,host,DESKTOP-4DU3C4H,16,19446,5516,14529,877551900,330.2,193.1,0,0,0,0,357,0
2026-09-12T06:23:29.4666289+00:00,host,DESKTOP-4DU3C4H,16,19540,5533,14575,880109211,322.4,185.4,0,0,0,0,358,0
2026-09-12T06:23:30.4668282+00:00,host,DESKTOP-4DU3C4H,16,19652,5550,14620,882681159,338.1,201.0,0,0,0,0,359,0
2026-09-12T06:23:31.4688464+00:00,host,DESKTOP-4DU3C4H,16,19689,5567,14666,885257950,330.6,193.9,0,0,0,0,360,0
2026-09-12T06:23:32.4703806+00:00,host,DESKTOP-4DU3C4H,16,19686,5584,14711,887834355,320.9,182.9,0,0,0,0,361,0
2026-09-12T06:23:33.4703228+00:00,host,DESKTOP-4DU3C4H,16,19707,5601,14757,890411053,321.2,183.6,0,0,0,0,362,0
2026-09-12T06:23:34.4734295+00:00,host,DESKTOP-4DU3C4H,16,19682,5618,14803,892986911,329.1,191.5,0,0,0,0,363,0
2026-09-12T06:23:35.4735601+00:00,host,DESKTOP-4DU3C4H,16,19682,5618,14803,892986911,329.0,191.3,0,0,0,0,364,0
2026-09-12T06:23:36.4773017+00:00,host,DESKTOP-4DU3C4H,16,19977,5635,14849,895563924,328.0,191.4,0,0,0,0,365,0
2026-09-12T06:23:37.4767315+00:00,host,DESKTOP-4DU3C4H,16,20022,5652,14894,898144274,335.9,199.3,0,0,0,0,366,0
2026-09-12T06:23:38.4646655+00:00,host,DESKTOP-4DU3C4H,16,19727,5669,14939,900725980,321.0,183.4,0,0,0,0,367,0
2026-09-12T06:23:39.4664470+00:00,host,DESKTOP-4DU3C4H,16,19743,5686,14985,903309783,329.3,191.6,0,0,0,0,368,0
2026-09-12T06:23:40.4683643+00:00,host,DESKTOP-4DU3C4H,16,19761,5703,15031,905893526,321.4,183.7,0,0,0,0,369,0
2026-09-12T06:23:41.4685815+00:00,host,DESKTOP-4DU3C4H,16,19746,5720,15076,908477831,329.3,191.6,0,0,0,0,370,0
2026-09-12T06:23:42.4748505+00:00,host,DESKTOP-4DU3C4H,16,19749,5737,15123,911062501,322.6,191.5,0,0,0,0,371,0
2026-09-12T06:23:43.4681969+00:00,host,DESKTOP-4DU3C4H,16,26594,5753,15165,914489752,329.2,191.6,0,0,0,0,372,0
2026-09-12T06:23:44.4762767+00:00,host,DESKTOP-4DU3C4H,15,31686,5769,15204,918636592,328.6,190.9,-1,0,0,0,373,0
2026-09-12T06:23:45.4722123+00:00,host,DESKTOP-4DU3C4H,14,15760,5784,15247,920699206,329.1,191.2,-1,0,0,0,374,0
2026-09-12T06:23:46.4751397+00:00,host,DESKTOP-4DU3C4H,14,14174,5799,15282,922554271,329.3,191.7,0,0,0,0,375,0
2026-09-12T06:23:47.4746422+00:00,host,DESKTOP-4DU3C4H,16,22975,5816,15328,925561142,328.8,190.9,2,0,0,0,376,0
2026-09-12T06:23:48.4764006+00:00,host,DESKTOP-4DU3C4H,16,23141,5832,15370,928453825,321.5,183.8,0,0,0,0,377,0
2026-09-12T06:23:49.4790334+00:00,host,DESKTOP-4DU3C4H,16,23579,5848,15415,931401229,328.8,191.2,0,0,0,0,378,0
2026-09-12T06:23:50.4937358+00:00,host,DESKTOP-4DU3C4H,16,23626,5865,15460,934493246,336.4,199.7,0,0,0,0,379,16
2026-09-12T06:23:51.4813336+00:00,host,DESKTOP-4DU3C4H,16,23419,5881,15505,937420590,329.2,191.5,0,0,0,0,380,0
2026-09-12T06:23:52.4815174+00:00,host,DESKTOP-4DU3C4H,16,23546,5897,15548,940363870,329.3,191.7,0,0,0,0,381,0
2026-09-12T06:23:53.4842730+00:00,host,DESKTOP-4DU3C4H,16,23686,5913,15592,943324627,329.2,191.5,0,0,0,0,382,0
2026-09-12T06:23:54.4849432+00:00,host,DESKTOP-4DU3C4H,16,24173,5930,15638,946488254,329.3,191.7,0,0,0,0,383,0
2026-09-12T06:23:55.4862673+00:00,host,DESKTOP-4DU3C4H,16,24303,5947,15684,949668848,321.4,183.6,0,0,0,0,384,0
2026-09-12T06:23:56.4887395+00:00,host,DESKTOP-4DU3C4H,16,24017,5963,15728,952671025,321.3,183.8,0,0,0,0,385,0
2026-09-12T06:23:57.4884715+00:00,host,DESKTOP-4DU3C4H,16,24362,5980,15774,955856379,320.9,183.3,0,0,0,0,386,0
2026-09-12T06:23:58.4896525+00:00,host,DESKTOP-4DU3C4H,16,24350,5997,15819,959043207,329.5,192.1,0,0,0,0,387,0
2026-09-12T06:23:59.4906590+00:00,host,DESKTOP-4DU3C4H,16,24346,6014,15865,962229512,321.2,183.5,0,0,0,0,388,0
2026-09-12T06:24:00.4896222+00:00,host,DESKTOP-4DU3C4H,16,24274,6031,15911,965406434,329.4,191.8,0,0,0,0,389,0
2026-09-12T06:24:01.4908829+00:00,host,DESKTOP-4DU3C4H,16,24327,6048,15956,968590173,329.5,191.9,0,0,0,0,390,0
2026-09-12T06:24:02.4872378+00:00,host,DESKTOP-4DU3C4H,16,24337,6065,16002,971775306,329.5,192.0,0,0,0,0,391,0
2026-09-12T06:24:03.4859495+00:00,host,DESKTOP-4DU3C4H,16,24538,6082,16049,974986676,329.9,192.6,0,0,0,0,392,0
2026-09-12T06:24:04.4956392+00:00,host,DESKTOP-4DU3C4H,16,22141,6098,16093,977754270,321.9,184.5,0,0,0,0,393,16
2026-09-12T06:24:05.4976055+00:00,host,DESKTOP-4DU3C4H,16,19493,6114,16136,980190934,321.6,184.1,0,0,0,0,394,0
2026-09-12T06:24:06.4981962+00:00,host,DESKTOP-4DU3C4H,16,20075,6131,16183,982778128,321.9,184.6,0,0,0,0,395,0
2026-09-12T06:24:07.4992012+00:00,host,DESKTOP-4DU3C4H,16,19492,6147,16225,985214582,345.7,208.4,0,0,0,0,396,0
2026-09-12T06:24:08.4978711+00:00,host,DESKTOP-4DU3C4H,16,19492,6147,16225,985214582,321.8,184.4,0,0,0,0,397,0
2026-09-12T06:24:09.4983618+00:00,host,DESKTOP-4DU3C4H,16,19775,6164,16271,987802592,321.8,184.4,0,0,0,0,398,0
2026-09-12T06:24:10.4998414+00:00,host,DESKTOP-4DU3C4H,16,19769,6181,16317,990389842,330.1,192.8,0,0,0,0,399,0
2026-09-12T06:24:11.4979766+00:00,host,DESKTOP-4DU3C4H,16,19768,6198,16363,992976998,330.6,193.2,0,0,0,0,400,0
2026-09-12T06:24:12.4973810+00:00,host,DESKTOP-4DU3C4H,16,25734,6215,16407,996341697,338.9,201.9,0,0,0,0,401,0
2026-09-12T06:24:13.5040536+00:00,host,DESKTOP-4DU3C4H,14,29743,6230,16438,1000234346,322.3,185.4,-2,0,0,0,402,0
2026-09-12T06:24:14.5067413+00:00,host,DESKTOP-4DU3C4H,12,26369,6247,16479,1005023635,322.6,185.6,-2,0,0,0,403,0
2026-09-12T06:24:15.5077478+00:00,host,DESKTOP-4DU3C4H,14,33876,6262,16518,1009457211,323.0,185.9,2,0,0,0,404,0
2026-09-12T06:24:16.5093293+00:00,host,DESKTOP-4DU3C4H,12,33691,6275,16539,1014131802,334.2,196.5,-2,0,0,0,405,0
2026-09-12T06:24:17.5028817+00:00,host,DESKTOP-4DU3C4H,16,60005,6291,16582,1021864929,332.0,194.4,4,0,0,0,406,0
2026-09-12T06:24:18.5077369+00:00,host,DESKTOP-4DU3C4H,12,35961,6303,16620,1026431935,330.3,192.7,-4,0,0,0,407,0
2026-09-12T06:24:19.5102165+00:00,host,DESKTOP-4DU3C4H,16,19621,6319,16662,1028921308,329.4,191.8,4,0,0,0,408,0
2026-09-12T06:24:20.5118581+00:00,host,DESKTOP-4DU3C4H,15,21102,6335,16700,1031683029,327.8,189.4,-1,0,0,0,409,15
2026-09-12T06:24:21.5130485+00:00,host,DESKTOP-4DU3C4H,15,21102,6335,16700,1031683029,336.7,198.6,0,0,0,0,410,0
2026-09-12T06:24:22.5223368+00:00,host,DESKTOP-4DU3C4H,8,12203,6344,16710,1033374693,320.4,182.4,-7,0,0,0,411,0
2026-09-12T06:24:23.5164145+00:00,host,DESKTOP-4DU3C4H,14,17312,6359,16737,1035640417,328.4,190.5,6,0,0,0,412,0
2026-09-12T06:24:24.5181254+00:00,host,DESKTOP-4DU3C4H,13,11614,6372,16766,1037092219,328.4,190.4,-1,0,0,0,413,0
2026-09-12T06:24:25.5181790+00:00,host,DESKTOP-4DU3C4H,13,11614,6372,16766,1037092219,328.4,190.4,0,0,0,0,414,0
2026-09-12T06:24:26.5206056+00:00,host,DESKTOP-4DU3C4H,13,11614,6372,16766,1037092219,328.4,190.4,0,0,0,0,415,0
2026-09-12T06:24:27.5208955+00:00,host,DESKTOP-4DU3C4H,4,3809,6385,16793,1038565398,328.3,190.3,-9,0,1,0,416,0
2026-09-12T06:24:28.5228805+00:00,host,DESKTOP-4DU3C4H,9,8052,6394,16816,1039571859,320.5,182.6,5,0,0,0,417,0
2026-09-12T06:24:29.5226061+00:00,host,DESKTOP-4DU3C4H,12,11088,6407,16849,1041045207,320.5,182.7,3,0,0,0,418,0
2026-09-12T06:24:30.5241507+00:00,host,DESKTOP-4DU3C4H,16,13426,6423,16895,1042775480,336.7,198.9,4,0,0,0,419,0
2026-09-12T06:24:31.5264803+00:00,host,DESKTOP-4DU3C4H,16,14013,6440,16938,1044609444,327.5,191.2,0,0,0,0,420,16
2026-09-12T06:24:32.5415509+00:00,host,DESKTOP-4DU3C4H,11,10215,6455,16973,1046305053,328.9,190.9,-5,0,0,0,421,15
2026-09-12T06:24:33.5452628+00:00,host,DESKTOP-4DU3C4H,16,36847,6471,17010,1050979962,320.5,182.4,5,0,0,0,422,0
2026-09-12T06:24:34.5502883+00:00,host,DESKTOP-4DU3C4H,14,52405,6485,17045,1057740268,321.1,182.7,-2,0,0,0,423,0
2026-09-12T06:24:35.5425266+00:00,host,DESKTOP-4DU3C4H,11,42777,6497,17068,1063504493,332.1,194.0,-3,0,0,0,424,0
2026-09-12T06:24:36.5445831+00:00,host,DESKTOP-4DU3C4H,12,47493,6510,17092,1069809190,329.9,191.9,1,0,0,0,425,0
2026-09-12T06:24:37.5499233+00:00,host,DESKTOP-4DU3C4H,14,55443,6525,17125,1077065314,320.7,182.3,2,0,0,0,426,0
2026-09-12T06:24:38.5432768+00:00,host,DESKTOP-4DU3C4H,14,48996,6539,17157,1083379715,322.7,184.6,0,0,0,0,427,0
2026-09-12T06:24:39.5468670+00:00,host,DESKTOP-4DU3C4H,16,11066,6555,17200,1084785062,328.6,190.0,2,0,0,0,428,0
2026-09-12T06:24:40.5431455+00:00,host,DESKTOP-4DU3C4H,16,19637,6572,17229,1087355014,330.0,191.9,0,0,0,0,429,0
2026-09-12T06:24:41.5544269+00:00,host,DESKTOP-4DU3C4H,16,11786,6589,17244,1088873966,326.5,188.0,0,0,0,0,430,0
2026-09-12T06:24:42.5439191+00:00,host,DESKTOP-4DU3C4H,16,11786,6589,17244,1088873966,327.1,188.6,0,0,0,0,431,0
2026-09-12T06:24:43.5473548+00:00,host,DESKTOP-4DU3C4H,16,8320,6606,17258,1089946243,326.2,187.5,0,0,0,0,432,0
2026-09-12T06:24:44.5461340+00:00,host,DESKTOP-4DU3C4H,16,8313,6623,17272,1091018658,344.1,205.7,0,0,0,0,433,0
2026-09-12T06:24:45.5482157+00:00,host,DESKTOP-4DU3C4H,17,8454,6640,17285,1092091202,329.3,190.9,1,0,0,0,434,0
2026-09-12T06:24:46.5476056+00:00,host,DESKTOP-4DU3C4H,16,8312,6657,17300,1093163432,336.6,198.2,-1,0,0,0,435,0
2026-09-12T06:24:47.5509713+00:00,host,DESKTOP-4DU3C4H,17,8451,6674,17313,1094235646,319.4,180.5,1,0,0,0,436,0
2026-09-12T06:24:48.5501602+00:00,host,DESKTOP-4DU3C4H,16,8321,6691,17326,1095308007,327.2,188.5,-1,0,0,0,437,0
2026-09-12T06:24:49.5533133+00:00,host,DESKTOP-4DU3C4H,17,8445,6708,17341,1096380492,319.1,180.6,1,0,0,0,438,0
2026-09-12T06:24:50.5569424+00:00,host,DESKTOP-4DU3C4H,17,8444,6725,17354,1097452828,327.6,189.0,0,0,0,0,439,0
2026-09-12T06:24:51.5702939+00:00,host,DESKTOP-4DU3C4H,15,8346,6741,17369,1098545143,327.9,189.3,-2,0,0,0,440,16
2026-09-12T06:24:52.5702667+00:00,host,DESKTOP-4DU3C4H,16,19567,6757,17405,1100991072,328.0,189.6,1,0,0,0,441,0
2026-09-12T06:24:53.5578077+00:00,host,DESKTOP-4DU3C4H,16,22752,6773,17448,1103835126,319.9,181.4,0,0,0,0,442,0
2026-09-12T06:24:54.5722285+00:00,host,DESKTOP-4DU3C4H,16,23162,6789,17491,1106730376,328.2,190.0,0,0,0,0,443,0
2026-09-12T06:24:55.5594335+00:00,host,DESKTOP-4DU3C4H,16,23782,6805,17536,1109703110,334.9,197.9,0,0,0,0,444,0
2026-09-12T06:24:56.5598104+00:00,host,DESKTOP-4DU3C4H,16,23714,6822,17581,1112803714,325.9,189.9,0,0,0,0,445,0
2026-09-12T06:24:57.5715436+00:00,host,DESKTOP-4DU3C4H,16,23443,6838,17625,1115734073,328.4,190.1,0,0,0,0,446,0
2026-09-12T06:24:58.5689049+00:00,host,DESKTOP-4DU3C4H,16,23880,6855,17671,1118859381,328.5,190.2,0,0,0,0,447,0
2026-09-12T06:24:59.5609142+00:00,host,DESKTOP-4DU3C4H,16,23991,6872,17717,1121999259,328.2,189.9,0,0,0,0,448,0
2026-09-12T06:25:00.5618014+00:00,host,DESKTOP-4DU3C4H,16,23777,6888,17760,1124971360,328.5,190.2,0,0,0,0,449,0
2026-09-12T06:25:01.5730275+00:00,host,DESKTOP-4DU3C4H,16,24241,6905,17806,1128143839,328.4,190.1,0,0,0,0,450,16
2026-09-12T06:25:02.5851399+00:00,host,DESKTOP-4DU3C4H,16,24418,6922,17853,1131339598,320.7,182.4,0,0,0,0,451,0
2026-09-12T06:25:03.5831132+00:00,host,DESKTOP-4DU3C4H,16,20792,6938,17897,1133980125,320.8,182.4,0,0,0,0,452,0
2026-09-12T06:25:04.5852668+00:00,host,DESKTOP-4DU3C4H,16,19690,6955,17944,1136554594,320.7,182.4,0,0,0,0,453,0
2026-09-12T06:25:05.5857717+00:00,host,DESKTOP-4DU3C4H,16,19967,6972,17988,1139130346,328.5,190.2,0,0,0,0,454,0
2026-09-12T06:25:06.5880231+00:00,host,DESKTOP-4DU3C4H,16,19695,6989,18035,1141707931,328.5,190.1,0,0,0,0,455,0
2026-09-12T06:25:07.5742117+00:00,host,DESKTOP-4DU3C4H,16,20017,7006,18079,1144287578,328.7,190.4,0,0,0,0,456,0
2026-09-12T06:25:08.5767425+00:00,host,DESKTOP-4DU3C4H,16,19711,7023,18125,1146867198,328.6,190.2,0,0,0,0,457,0
2026-09-12T06:25:09.5771486+00:00,host,DESKTOP-4DU3C4H,16,20046,7040,18170,1149450572,334.3,198.3,0,0,0,0,458,0
2026-09-12T06:25:10.5760449+00:00,host,DESKTOP-4DU3C4H,16,19442,7056,18213,1151880770,320.7,182.3,0,0,0,0,459,0
2026-09-12T06:25:11.5785555+00:00,host,DESKTOP-4DU3C4H,16,19744,7073,18260,1154464831,336.7,198.5,0,0,0,0,460,0
2026-09-12T06:25:12.5828787+00:00,host,DESKTOP-4DU3C4H,16,19741,7090,18305,1157048434,336.6,198.2,0,0,0,0,461,0
2026-09-12T06:25:13.5814284+00:00,host,DESKTOP-4DU3C4H,16,19767,7107,18351,1159635471,320.4,182.3,0,0,0,0,462,0
2026-09-12T06:25:14.5828804+00:00,host,DESKTOP-4DU3C4H,16,19463,7123,18395,1162068402,328.6,190.3,0,0,0,0,463,0
2026-09-12T06:25:15.5837021+00:00,host,DESKTOP-4DU3C4H,16,20063,7140,18440,1164654077,328.4,190.2,0,0,0,0,464,0
2026-09-12T06:25:16.5844967+00:00,host,DESKTOP-4DU3C4H,16,19478,7156,18484,1167088860,328.9,190.8,0,0,0,0,465,0
2026-09-12T06:25:17.5855816+00:00,host,DESKTOP-4DU3C4H,16,19739,7173,18529,1169672256,328.6,190.4,0,0,0,0,466,0
2026-09-12T06:25:18.5880232+00:00,host,DESKTOP-4DU3C4H,16,19752,7190,18576,1172257260,320.9,182.8,0,0,0,0,467,0
2026-09-12T06:25:19.5880121+00:00,host,DESKTOP-4DU3C4H,16,19462,7206,18619,1174689955,320.5,182.3,0,0,0,0,468,0
2026-09-12T06:25:20.5898723+00:00,host,DESKTOP-4DU3C4H,16,20051,7223,18665,1177274020,320.9,182.7,0,0,0,0,469,15
2026-09-12T06:25:21.5941215+00:00,host,DESKTOP-4DU3C4H,16,19744,7240,18710,1179858030,328.7,190.6,0,0,0,0,470,0
2026-09-12T06:25:22.5928115+00:00,host,DESKTOP-4DU3C4H,16,19440,7256,18754,1182288067,328.9,190.8,0,0,0,0,471,0
2026-09-12T06:25:23.5940996+00:00,host,DESKTOP-4DU3C4H,16,19440,7256,18754,1182288067,328.2,190.0,0,0,0,0,472,0
2026-09-12T06:25:24.5948704+00:00,host,DESKTOP-4DU3C4H,16,19736,7273,18800,1184871007,320.8,182.7,0,0,0,0,473,0
2026-09-12T06:25:25.5955939+00:00,host,DESKTOP-4DU3C4H,16,19751,7290,18846,1187453420,320.9,182.7,0,0,0,0,474,0
2026-09-12T06:25:26.5979122+00:00,host,DESKTOP-4DU3C4H,16,19441,7307,18892,1190036600,328.6,190.6,0,0,0,0,475,0
2026-09-12T06:25:27.5988719+00:00,host,DESKTOP-4DU3C4H,16,19735,7324,18938,1192619387,328.8,190.8,0,0,0,0,476,0
2026-09-12T06:25:28.5999668+00:00,host,DESKTOP-4DU3C4H,16,19735,7341,18985,1195202239,328.5,190.5,0,0,0,0,477,0
2026-09-12T06:25:29.5989104+00:00,host,DESKTOP-4DU3C4H,16,19734,7358,19030,1197784933,320.2,182.1,0,0,0,0,478,0
2026-09-12T06:25:30.6029260+00:00,host,DESKTOP-4DU3C4H,16,19739,7375,19075,1200365864,328.5,190.4,0,0,0,0,479,0
2026-09-12T06:25:31.6041273+00:00,host,DESKTOP-4DU3C4H,16,19735,7392,19122,1202948738,320.6,182.6,0,0,0,0,480,0
2026-09-12T06:25:32.5914100+00:00,host,DESKTOP-4DU3C4H,16,19725,7409,19167,1205530226,320.7,182.8,0,0,0,0,481,0
2026-09-12T06:25:33.6054196+00:00,host,DESKTOP-4DU3C4H,16,19728,7426,19214,1208112163,320.5,182.5,0,0,0,0,482,16
2026-09-12T06:25:34.6092808+00:00,host,DESKTOP-4DU3C4H,16,19447,7442,19257,1210543039,328.6,190.5,0,0,0,0,483,0
2026-09-12T06:25:35.6089894+00:00,host,DESKTOP-4DU3C4H,16,20035,7459,19302,1213125089,334.6,198.2,0,0,0,0,484,0
2026-09-12T06:25:36.6185967+00:00,host,DESKTOP-4DU3C4H,16,19738,7476,19348,1215708339,328.5,190.3,0,0,0,0,485,0
2026-09-12T06:25:37.6110513+00:00,host,DESKTOP-4DU3C4H,16,19711,7493,19391,1218288017,328.6,190.5,0,0,0,0,486,0
2026-09-12T06:25:38.6111417+00:00,host,DESKTOP-4DU3C4H,15,18200,7508,19434,1220599394,335.5,198.6,-1,0,0,0,487,0
2026-09-12T06:25:39.6162522+00:00,host,DESKTOP-4DU3C4H,16,20320,7524,19478,1223139416,328.8,191.0,1,0,0,0,488,0
2026-09-12T06:25:40.6174334+00:00,host,DESKTOP-4DU3C4H,16,19762,7540,19524,1225686273,321.0,183.3,0,0,0,0,489,0
2026-09-12T06:25:41.6181315+00:00,host,DESKTOP-4DU3C4H,16,20355,7556,19567,1228230591,329.0,191.1,0,0,0,0,490,0
2026-09-12T06:25:42.6163858+00:00,host,DESKTOP-4DU3C4H,16,20366,7573,19614,1230934180,329.4,191.7,0,0,0,0,491,0
2026-09-12T06:25:43.6164185+00:00,host,DESKTOP-4DU3C4H,15,20765,7588,19654,1233612864,321.7,184.1,-1,0,0,0,492,0
2026-09-12T06:25:44.6065569+00:00,host,DESKTOP-4DU3C4H,16,23136,7604,19697,1236548184,329.8,192.3,1,0,0,0,493,0
2026-09-12T06:25:45.6124880+00:00,host,DESKTOP-4DU3C4H,16,22958,7620,19740,1239509790,324.4,189.3,0,0,0,0,494,0
2026-09-12T06:25:46.6184708+00:00,host,DESKTOP-4DU3C4H,16,23148,7636,19778,1242492993,321.8,183.8,0,0,0,0,495,0
2026-09-12T06:25:47.6176508+00:00,host,DESKTOP-4DU3C4H,16,23678,7652,19816,1245452715,321.3,183.3,0,0,0,0,496,0
2026-09-12T06:25:48.6165831+00:00,host,DESKTOP-4DU3C4H,15,22661,7667,19858,1248285392,329.5,191.8,-1,0,0,0,497,0
2026-09-12T06:25:49.6175595+00:00,host,DESKTOP-4DU3C4H,16,24251,7683,19900,1251316776,329.3,191.4,1,0,0,0,498,0
2026-09-12T06:25:50.6183245+00:00,host,DESKTOP-4DU3C4H,16,23700,7699,19931,1254279238,330.4,192.3,0,0,0,0,499,0
2026-09-12T06:25:51.6155234+00:00,host,DESKTOP-4DU3C4H,16,23888,7715,19965,1257265193,321.4,183.3,0,0,0,0,500,0
2026-09-12T06:25:52.6177729+00:00,host,DESKTOP-4DU3C4H,11,15479,7727,20005,1259291005,321.9,184.1,-5,0,0,0,501,0
2026-09-12T06:25:53.6173055+00:00,host,DESKTOP-4DU3C4H,16,21677,7743,20050,1262000632,329.6,191.5,5,0,0,0,502,0
2026-09-12T06:25:54.6127281+00:00,host,DESKTOP-4DU3C4H,16,22031,7759,20092,1264754521,329.7,191.8,0,0,0,0,503,0
2026-09-12T06:25:55.6181926+00:00,host,DESKTOP-4DU3C4H,16,22028,7775,20137,1267507987,322.0,184.0,0,0,0,0,504,0
2026-09-12T06:25:56.6177252+00:00,host,DESKTOP-4DU3C4H,16,21904,7791,20181,1270287032,329.8,191.9,0,0,0,0,505,0
2026-09-12T06:25:57.6176655+00:00,host,DESKTOP-4DU3C4H,16,22593,7808,20227,1273243846,322.0,184.2,0,0,0,0,506,0
2026-09-12T06:25:58.6168565+00:00,host,DESKTOP-4DU3C4H,16,22216,7824,20272,1276020904,330.1,192.2,0,0,0,0,507,0
2026-09-12T06:25:59.6171411+00:00,host,DESKTOP-4DU3C4H,16,22235,7840,20316,1278800307,330.4,192.6,0,0,0,0,508,0
2026-09-12T06:26:00.6205965+00:00,host,DESKTOP-4DU3C4H,16,21545,7856,20358,1281576886,330.7,193.0,0,0,0,0,509,16
2026-09-12T06:26:01.6350933+00:00,host,DESKTOP-4DU3C4H,16,21830,7872,20402,1284305666,321.0,183.5,0,0,0,0,510,0
2026-09-12T06:26:02.6340639+00:00,host,DESKTOP-4DU3C4H,16,21135,7888,20446,1286989774,319.2,181.0,0,0,0,0,511,0
2026-09-12T06:26:03.6327263+00:00,host,DESKTOP-4DU3C4H,16,22182,7904,20491,1289806926,327.3,189.2,0,0,0,0,512,0
2026-09-12T06:26:04.6226626+00:00,host,DESKTOP-4DU3C4H,15,22086,7919,20531,1292609150,327.5,189.2,-1,0,0,0,513,0
2026-09-12T06:26:05.6281890+00:00,host,DESKTOP-4DU3C4H,15,22086,7919,20531,1292609150,326.4,190.0,0,0,0,0,514,0
2026-09-12T06:26:06.6342802+00:00,host,DESKTOP-4DU3C4H,16,24267,7936,20577,1295785095,328.0,190.0,1,0,0,0,515,0
2026-09-12T06:26:07.6371347+00:00,host,DESKTOP-4DU3C4H,16,23915,7952,20620,1298774498,328.0,190.1,0,0,0,0,516,15
2026-09-12T06:26:08.6458016+00:00,host,DESKTOP-4DU3C4H,16,24276,7969,20667,1301951672,320.0,182.2,0,0,0,0,517,0
2026-09-12T06:26:09.6487547+00:00,host,DESKTOP-4DU3C4H,16,24269,7986,20712,1305127851,319.7,181.8,0,0,0,0,518,0
2026-09-12T06:26:10.6412966+00:00,host,DESKTOP-4DU3C4H,16,24276,8003,20759,1308305025,320.0,182.0,0,0,0,0,519,0
2026-09-12T06:26:11.6465949+00:00,host,DESKTOP-4DU3C4H,16,23918,8019,20800,1311294744,320.8,183.0,0,0,0,0,520,0
2026-09-12T06:26:12.6480920+00:00,host,DESKTOP-4DU3C4H,16,23857,8035,20831,1314276898,337.0,199.4,0,0,0,0,521,0
2026-09-12T06:26:13.6420884+00:00,host,DESKTOP-4DU3C4H,15,22707,8051,20875,1317248739,329.1,191.4,-1,0,0,0,522,0
2026-09-12T06:26:14.6390230+00:00,host,DESKTOP-4DU3C4H,16,23393,8067,20920,1320216701,329.2,191.5,1,0,0,0,523,0
2026-09-12T06:26:15.6469246+00:00,host,DESKTOP-4DU3C4H,16,23346,8083,20964,1323181693,328.7,190.9,0,0,0,0,524,0
2026-09-12T06:26:16.6515574+00:00,host,DESKTOP-4DU3C4H,16,23700,8099,21007,1326144166,329.1,191.5,0,0,0,0,525,0
2026-09-12T06:26:17.6491856+00:00,host,DESKTOP-4DU3C4H,16,23700,8115,21051,1329106671,321.1,183.4,0,0,0,0,526,0
2026-09-12T06:26:18.6389439+00:00,host,DESKTOP-4DU3C4H,16,23697,8131,21095,1332068806,321.6,183.9,0,0,0,0,527,0
2026-09-12T06:26:19.6507455+00:00,host,DESKTOP-4DU3C4H,16,24081,8147,21127,1335078926,328.8,191.0,0,0,0,0,528,0
2026-09-12T06:26:20.6486361+00:00,host,DESKTOP-4DU3C4H,16,24628,8164,21174,1338302076,329.2,191.5,0,0,0,0,529,0
2026-09-12T06:26:21.6418754+00:00,host,DESKTOP-4DU3C4H,16,23922,8180,21218,1341337145,328.9,191.1,0,0,0,0,530,0
2026-09-12T06:26:22.6490395+00:00,host,DESKTOP-4DU3C4H,16,24200,8196,21257,1344362207,321.4,183.5,0,0,0,0,531,0
2026-09-12T06:26:23.6529980+00:00,host,DESKTOP-4DU3C4H,16,24742,8213,21303,1347600279,321.4,183.6,0,0,0,0,532,16
2026-09-12T06:26:24.6529933+00:00,host,DESKTOP-4DU3C4H,16,24242,8229,21346,1350630560,329.8,192.1,0,0,0,0,533,0
2026-09-12T06:26:25.6622216+00:00,host,DESKTOP-4DU3C4H,12,18149,8241,21388,1352899194,354.1,216.1,-4,0,0,0,534,0
2026-09-12T06:26:26.6665556+00:00,host,DESKTOP-4DU3C4H,9,5033,8250,21412,1353538446,336.0,197.6,-3,0,0,0,535,0
2026-09-12T06:26:27.6675210+00:00,host,DESKTOP-4DU3C4H,14,6457,8264,21429,1354358525,329.4,191.1,5,0,0,0,536,15
2026-09-12T06:26:28.6691600+00:00,host,DESKTOP-4DU3C4H,16,7633,8281,21442,1355356520,329.2,190.8,2,0,0,0,537,0
2026-09-12T06:26:29.6801513+00:00,host,DESKTOP-4DU3C4H,16,8955,8297,21462,1356475925,329.7,191.0,0,0,0,0,538,0
2026-09-12T06:26:30.6811593+00:00,host,DESKTOP-4DU3C4H,16,17436,8314,21477,1358757812,338.1,199.6,0,0,0,0,539,0
2026-09-12T06:26:31.6817854+00:00,host,DESKTOP-4DU3C4H,16,17460,8330,21504,1360975258,336.6,199.5,0,0,0,0,540,0
2026-09-12T06:26:32.6824272+00:00,host,DESKTOP-4DU3C4H,10,9744,8343,21536,1362630542,322.2,184.0,-6,0,0,0,541,0
2026-09-12T06:26:33.6982583+00:00,host,DESKTOP-4DU3C4H,10,9744,8343,21536,1362630542,330.3,192.1,0,0,0,0,542,16
2026-09-12T06:26:34.6996898+00:00,host,DESKTOP-4DU3C4H,10,9744,8343,21536,1362630542,330.3,192.1,0,0,0,0,543,16
2026-09-12T06:26:35.7144140+00:00,host,DESKTOP-4DU3C4H,5,4719,8355,21557,1364059083,330.3,192.0,-5,0,0,0,544,0
2026-09-12T06:26:36.7161651+00:00,host,DESKTOP-4DU3C4H,15,13269,8370,21593,1365744245,330.5,192.4,10,0,0,0,545,15
2026-09-12T06:26:37.7166131+00:00,host,DESKTOP-4DU3C4H,6,5726,8378,21605,1366672514,338.6,200.4,-9,0,1,0,546,0
2026-09-12T06:26:38.7190325+00:00,host,DESKTOP-4DU3C4H,2,1701,8380,21605,1366904848,330.8,192.6,-4,0,0,0,547,0
2026-09-12T06:26:39.7219480+00:00,host,DESKTOP-4DU3C4H,2,1723,8382,21605,1367137182,346.8,208.6,0,0,0,0,548,0
2026-09-12T06:26:40.7216696+00:00,host,DESKTOP-4DU3C4H,2,1701,8384,21605,1367369516,328.3,190.2,0,0,0,0,549,0
2026-09-12T06:26:41.7235588+00:00,host,DESKTOP-4DU3C4H,2,1801,8386,21605,1367601850,344.7,206.7,0,0,0,0,550,0
2026-09-12T06:26:42.7222193+00:00,host,DESKTOP-4DU3C4H,2,1801,8386,21605,1367601850,344.7,206.7,0,0,0,0,551,0
2026-09-12T06:26:43.7232421+00:00,host,DESKTOP-4DU3C4H,2,1801,8386,21605,1367601850,344.8,206.7,0,0,0,0,552,0
2026-09-12T06:26:44.7245742+00:00,host,DESKTOP-4DU3C4H,2,1801,8386,21605,1367601850,344.8,206.7,0,0,0,0,553,0
2026-09-12T06:26:45.7280489+00:00,host,DESKTOP-4DU3C4H,2,1801,8386,21605,1367601850,344.8,206.7,0,0,0,0,554,0
2026-09-12T06:26:46.7254833+00:00,host,DESKTOP-4DU3C4H,2,1801,8386,21605,1367601850,344.8,206.7,0,0,0,0,555,0
2026-09-12T06:26:47.7284747+00:00,host,DESKTOP-4DU3C4H,2,1801,8386,21605,1367601850,344.8,206.7,0,0,0,0,556,0
2026-09-12T06:26:48.7302560+00:00,host,DESKTOP-4DU3C4H,2,1801,8386,21605,1367601850,344.8,206.7,0,0,0,0,557,16
2026-09-12T06:26:49.7322289+00:00,host,DESKTOP-4DU3C4H,0,125,8387,21606,1367719413,328.3,189.9,-2,0,0,1,558,0
2026-09-12T06:26:50.7330255+00:00,host,DESKTOP-4DU3C4H,10,11120,8398,21632,1369219251,336.6,198.2,10,0,0,0,559,0
2026-09-12T06:26:51.7309798+00:00,host,DESKTOP-4DU3C4H,11,12656,8409,21656,1370850289,328.8,190.6,1,0,0,0,560,0
2026-09-12T06:26:52.7326442+00:00,host,DESKTOP-4DU3C4H,11,12656,8409,21656,1370850289,321.3,183.2,0,0,0,0,561,0
2026-09-12T06:26:53.7372156+00:00,host,DESKTOP-4DU3C4H,9,10681,8425,21689,1373249576,321.8,183.5,-2,0,0,0,562,0
2026-09-12T06:26:54.7311786+00:00,host,DESKTOP-4DU3C4H,14,19514,8440,21724,1375803512,321.6,183.3,5,0,0,0,563,0
2026-09-12T06:26:55.7452033+00:00,host,DESKTOP-4DU3C4H,13,19700,8453,21762,1378265970,322.1,184.1,-1,0,0,0,564,0
2026-09-12T06:26:56.7489343+00:00,host,DESKTOP-4DU3C4H,16,24263,8469,21805,1381298784,330.2,192.5,3,0,0,0,565,16
2026-09-12T06:26:57.7573482+00:00,host,DESKTOP-4DU3C4H,16,24271,8485,21846,1384332720,330.6,192.7,0,0,0,0,566,0
2026-09-12T06:26:58.7606251+00:00,host,DESKTOP-4DU3C4H,16,23951,8501,21882,1387326607,336.1,200.2,0,0,0,0,567,0
2026-09-12T06:26:59.7477469+00:00,host,DESKTOP-4DU3C4H,16,24018,8518,21928,1390466896,330.1,192.3,0,0,0,0,568,0
2026-09-12T06:27:00.7620051+00:00,host,DESKTOP-4DU3C4H,16,23986,8535,21972,1393606029,322.7,184.9,0,0,0,0,569,15
2026-09-12T06:27:01.8333859+00:00,host,DESKTOP-4DU3C4H,15,22591,8551,22006,1396562580,345.7,207.1,-1,0,0,0,571,63
2026-09-12T06:27:02.8399499+00:00,host,DESKTOP-4DU3C4H,16,24963,8568,22036,1399829581,329.8,191.8,1,0,0,0,572,15
2026-09-12T06:27:03.8480069+00:00,host,DESKTOP-4DU3C4H,16,25403,8584,22079,1403004954,320.2,181.6,0,0,0,0,573,0
2026-09-12T06:27:04.8402366+00:00,host,DESKTOP-4DU3C4H,14,21284,8598,22122,1405708002,320.5,182.1,-2,0,0,0,574,0
2026-09-12T06:27:05.8413206+00:00,host,DESKTOP-4DU3C4H,16,22694,8614,22164,1408632680,328.6,189.8,2,0,0,0,575,0
2026-09-12T06:27:06.8399941+00:00,host,DESKTOP-4DU3C4H,14,22231,8628,22192,1411411516,321.2,182.8,-2,0,0,0,576,0
2026-09-12T06:27:07.8400044+00:00,host,DESKTOP-4DU3C4H,16,33522,8644,22233,1415601791,329.1,190.5,2,0,0,0,577,0
2026-09-12T06:27:08.8400403+00:00,host,DESKTOP-4DU3C4H,10,20316,8654,22255,1418219958,321.5,183.1,-6,0,0,0,578,0
2026-09-12T06:27:09.8486934+00:00,host,DESKTOP-4DU3C4H,14,28951,8668,22284,1421950980,346.6,208.5,4,0,0,0,579,0
2026-09-12T06:27:10.8408822+00:00,host,DESKTOP-4DU3C4H,14,28951,8668,22284,1421950980,346.6,208.5,0,0,0,0,580,0
2026-09-12T06:27:11.8528799+00:00,host,DESKTOP-4DU3C4H,14,28951,8668,22284,1421950980,346.6,208.5,0,0,0,0,581,0
2026-09-12T06:27:12.8542985+00:00,host,DESKTOP-4DU3C4H,14,28951,8668,22284,1421950980,346.6,208.6,0,0,0,0,582,0
2026-09-12T06:27:13.8399716+00:00,host,DESKTOP-4DU3C4H,14,28951,8668,22284,1421950980,346.7,208.6,0,0,0,0,583,0
2026-09-12T06:27:14.8413657+00:00,host,DESKTOP-4DU3C4H,14,28951,8668,22284,1421950980,346.6,208.6,0,0,0,0,584,0
2026-09-12T06:27:15.8421158+00:00,host,DESKTOP-4DU3C4H,1,1158,8671,22284,1422783150,321.3,182.8,-13,0,1,0,585,0
2026-09-12T06:27:16.8448937+00:00,host,DESKTOP-4DU3C4H,1,1158,8671,22284,1422783150,321.3,182.8,0,0,0,0,586,0
2026-09-12T06:27:17.8498087+00:00,host,DESKTOP-4DU3C4H,0,916,8672,22286,1423065984,320.8,182.4,-1,0,0,1,587,0
2026-09-12T06:27:18.8402717+00:00,host,DESKTOP-4DU3C4H,11,24892,8683,22308,1426177472,329.1,190.8,11,0,0,0,588,0
2026-09-12T06:27:19.8402873+00:00,host,DESKTOP-4DU3C4H,16,35629,8699,22350,1430702408,329.4,191.1,5,0,0,0,589,0
2026-09-12T06:27:20.8401449+00:00,host,DESKTOP-4DU3C4H,15,33444,8714,22385,1434945578,330.6,192.5,-1,0,0,0,590,0
2026-09-12T06:27:21.8402163+00:00,host,DESKTOP-4DU3C4H,14,30703,8728,22415,1438906279,330.2,192.1,-1,0,0,0,591,0
2026-09-12T06:27:22.8418915+00:00,host,DESKTOP-4DU3C4H,13,29236,8741,22444,1442615583,322.2,184.1,-1,0,0,0,592,0
2026-09-12T06:27:23.8546289+00:00,host,DESKTOP-4DU3C4H,13,29236,8741,22444,1442615583,322.2,184.1,0,0,0,0,593,0
2026-09-12T06:27:24.8481780+00:00,host,DESKTOP-4DU3C4H,13,29236,8741,22444,1442615583,322.2,184.1,0,0,0,0,594,0
2026-09-12T06:27:25.8439858+00:00,host,DESKTOP-4DU3C4H,0,734,8742,22444,1442906613,346.4,208.3,-13,0,0,1,595,0
2026-09-12T06:27:26.8403136+00:00,host,DESKTOP-4DU3C4H,10,22593,8752,22468,1445818310,322.0,183.8,10,0,0,0,596,0
2026-09-12T06:27:27.8399997+00:00,host,DESKTOP-4DU3C4H,16,36674,8768,22511,1450475939,324.0,186.3,6,0,0,0,597,0
2026-09-12T06:27:28.8538871+00:00,host,DESKTOP-4DU3C4H,16,36674,8768,22511,1450475939,333.2,195.1,0,0,0,0,598,0
2026-09-12T06:27:29.8450187+00:00,host,DESKTOP-4DU3C4H,16,36674,8768,22511,1450475939,333.2,195.1,0,0,0,0,599,0
2026-09-12T06:27:30.8399221+00:00,host,DESKTOP-4DU3C4H,16,36674,8768,22511,1450475939,333.2,195.1,0,0,0,0,600,0
2026-09-12T06:27:31.8415295+00:00,host,DESKTOP-4DU3C4H,16,36674,8768,22511,1450475939,333.2,195.1,0,0,0,0,601,0
2026-09-12T06:27:32.8445684+00:00,host,DESKTOP-4DU3C4H,16,36674,8768,22511,1450475939,333.3,195.1,0,0,0,0,602,0
2026-09-12T06:27:33.8400587+00:00,host,DESKTOP-4DU3C4H,2,4914,8780,22535,1453969805,331.5,193.1,-14,0,1,0,603,0
2026-09-12T06:27:34.8471917+00:00,host,DESKTOP-4DU3C4H,16,37282,8796,22579,1458630069,333.1,195.0,14,0,0,0,604,0
2026-09-12T06:27:35.8530101+00:00,host,DESKTOP-4DU3C4H,16,37282,8796,22579,1458630069,333.1,195.0,0,0,0,0,605,0
2026-09-12T06:27:36.8399811+00:00,host,DESKTOP-4DU3C4H,4,9627,8802,22587,1460378545,322.2,184.3,-12,0,1,0,606,0
2026-09-12T06:27:37.8402969+00:00,host,DESKTOP-4DU3C4H,13,29839,8815,22623,1464164419,322.4,184.7,9,0,0,0,607,0
2026-09-12T06:27:38.8403034+00:00,host,DESKTOP-4DU3C4H,16,36702,8831,22668,1468825531,330.6,193.3,3,0,0,0,608,0
2026-09-12T06:27:39.8405158+00:00,host,DESKTOP-4DU3C4H,16,36699,8847,22712,1473486330,338.6,201.3,0,0,0,0,609,0
2026-09-12T06:27:40.8429089+00:00,host,DESKTOP-4DU3C4H,16,36728,8863,22756,1478146211,326.8,193.4,0,0,0,0,610,0
2026-09-12T06:27:41.8427819+00:00,host,DESKTOP-4DU3C4H,8,18349,8871,22775,1480476562,327.0,193.0,-8,0,1,0,611,0
2026-09-12T06:27:42.8435666+00:00,host,DESKTOP-4DU3C4H,9,21315,8886,22814,1484846108,338.5,200.9,1,0,0,0,612,0
2026-09-12T06:27:43.8531725+00:00,host,DESKTOP-4DU3C4H,9,21315,8886,22814,1484846108,322.6,185.1,0,0,0,0,613,0
2026-09-12T06:27:44.8398403+00:00,host,DESKTOP-4DU3C4H,10,24032,8901,22850,1489213881,331.3,193.8,1,0,0,0,614,0
2026-09-12T06:27:45.8480956+00:00,host,DESKTOP-4DU3C4H,10,24032,8901,22850,1489213881,339.2,201.7,0,0,0,0,615,0
2026-09-12T06:27:46.8490630+00:00,host,DESKTOP-4DU3C4H,10,24032,8901,22850,1489213881,339.2,201.7,0,0,0,0,616,0
2026-09-12T06:27:47.8495468+00:00,host,DESKTOP-4DU3C4H,10,24032,8901,22850,1489213881,339.2,201.7,0,0,0,0,617,0
2026-09-12T06:27:48.8496208+00:00,host,DESKTOP-4DU3C4H,10,24032,8901,22850,1489213881,339.2,201.7,0,0,0,0,618,0
2026-09-12T06:27:49.8405612+00:00,host,DESKTOP-4DU3C4H,1,3144,8908,22859,1491252599,321.6,183.2,-9,0,0,0,619,0
2026-09-12T06:27:50.8544618+00:00,host,DESKTOP-4DU3C4H,1,3144,8908,22859,1491252599,329.1,190.8,0,0,0,0,620,0
2026-09-12T06:27:51.8417428+00:00,host,DESKTOP-4DU3C4H,7,16699,8922,22889,1495329341,335.7,199.5,6,0,0,0,621,0
2026-09-12T06:27:52.8473474+00:00,host,DESKTOP-4DU3C4H,14,31640,8936,22919,1499406919,322.6,184.4,7,0,0,0,622,0
2026-09-12T06:27:53.8450732+00:00,host,DESKTOP-4DU3C4H,14,31640,8936,22919,1499406919,322.6,184.4,0,0,0,0,623,0
2026-09-12T06:27:54.8420986+00:00,host,DESKTOP-4DU3C4H,1,2735,8938,22924,1499989514,331.4,193.6,-13,0,1,0,624,0
2026-09-12T06:27:55.8418176+00:00,host,DESKTOP-4DU3C4H,1,2735,8938,22924,1499989514,331.4,193.6,0,0,0,0,625,0
2026-09-12T06:27:56.8426970+00:00,host,DESKTOP-4DU3C4H,1,2735,8938,22924,1499989514,331.4,193.6,0,0,0,0,626,0
2026-09-12T06:27:57.8447389+00:00,host,DESKTOP-4DU3C4H,1,2735,8938,22924,1499989514,331.4,193.6,0,0,0,0,627,0
2026-09-12T06:27:58.8442917+00:00,host,DESKTOP-4DU3C4H,1,2735,8938,22924,1499989514,331.4,193.5,0,0,0,0,628,0
2026-09-12T06:27:59.8432385+00:00,host,DESKTOP-4DU3C4H,1,2735,8938,22924,1499989514,331.4,193.6,0,0,0,0,629,0
2026-09-12T06:28:00.8423418+00:00,host,DESKTOP-4DU3C4H,0,695,8940,22924,1500571926,340.2,201.9,-1,0,0,1,630,0
2026-09-12T06:28:01.8451736+00:00,host,DESKTOP-4DU3C4H,0,695,8940,22924,1500571926,321.3,182.8,0,0,0,2,631,0
2026-09-12T06:28:02.8463272+00:00,host,DESKTOP-4DU3C4H,1,3470,8942,22926,1501154451,320.4,181.7,1,0,0,0,632,0
2026-09-12T06:28:03.8532990+00:00,host,DESKTOP-4DU3C4H,1,3470,8942,22926,1501154451,320.4,181.7,0,0,0,0,633,0
2026-09-12T06:28:04.8409194+00:00,host,DESKTOP-4DU3C4H,5,12620,8953,22943,1504408785,328.5,189.8,4,0,0,0,634,0
2026-09-12T06:28:05.8539030+00:00,host,DESKTOP-4DU3C4H,5,12620,8953,22943,1504408785,337.1,198.6,0,0,0,0,635,0
2026-09-12T06:28:06.8530113+00:00,host,DESKTOP-4DU3C4H,1,2299,8955,22943,1505041931,346.0,207.6,-4,0,0,0,636,0
2026-09-12T06:28:07.8470769+00:00,host,DESKTOP-4DU3C4H,3,7592,8958,22945,1505990880,338.6,200.1,2,0,0,0,637,0
2026-09-12T06:28:08.8414401+00:00,host,DESKTOP-4DU3C4H,3,7592,8958,22945,1505990880,338.6,200.1,0,0,0,0,638,0
2026-09-12T06:28:09.8412817+00:00,host,DESKTOP-4DU3C4H,3,8682,8964,22946,1507890075,347.2,208.8,0,0,0,0,639,0
2026-09-12T06:28:10.8447407+00:00,host,DESKTOP-4DU3C4H,3,8682,8964,22946,1507890075,347.2,208.8,0,0,0,0,640,0
2026-09-12T06:28:11.8485039+00:00,host,DESKTOP-4DU3C4H,3,8682,8964,22946,1507890075,347.2,208.9,0,0,0,0,641,0
2026-09-12T06:28:12.8550259+00:00,host,DESKTOP-4DU3C4H,0,761,8965,22946,1508206708,338.5,199.9,-3,0,0,1,642,0
2026-09-12T06:28:13.8535801+00:00,host,DESKTOP-4DU3C4H,4,9210,8970,22947,1509789708,339.4,200.9,4,0,0,0,643,0
2026-09-12T06:28:14.8532083+00:00,host,DESKTOP-4DU3C4H,4,9210,8970,22947,1509789708,348.1,209.8,0,0,0,0,644,0
2026-09-12T06:28:15.8515864+00:00,host,DESKTOP-4DU3C4H,1,3272,8972,22947,1510422433,332.4,194.1,-3,0,0,0,645,0
2026-09-12T06:28:16.8546257+00:00,host,DESKTOP-4DU3C4H,1,3272,8972,22947,1510422433,323.2,184.5,0,0,0,0,646,0
2026-09-12T06:28:17.8539466+00:00,host,DESKTOP-4DU3C4H,2,4049,8975,22949,1511371495,331.1,192.4,1,0,0,0,647,0
2026-09-12T06:28:18.8559021+00:00,host,DESKTOP-4DU3C4H,2,4049,8975,22949,1511371495,331.1,192.4,0,0,0,0,648,16
2026-09-12T06:28:19.8615399+00:00,host,DESKTOP-4DU3C4H,2,4049,8975,22949,1511371495,331.1,192.4,0,0,0,0,649,0
2026-09-12T06:28:20.8561925+00:00,host,DESKTOP-4DU3C4H,0,900,8976,22950,1511687911,330.1,191.7,-2,0,0,1,650,0
2026-09-12T06:28:21.8576909+00:00,host,DESKTOP-4DU3C4H,9,23487,8986,22969,1514852807,328.5,191.2,9,0,0,0,651,0
2026-09-12T06:28:22.8616583+00:00,host,DESKTOP-4DU3C4H,16,20738,9002,23014,1517445007,321.6,183.5,7,0,0,0,652,0
2026-09-12T06:28:23.8625473+00:00,host,DESKTOP-4DU3C4H,16,19708,9019,23059,1520024294,321.4,183.2,0,0,0,0,653,0
2026-09-12T06:28:24.8712925+00:00,host,DESKTOP-4DU3C4H,16,29854,9035,23102,1523756027,333.6,198.6,0,0,0,0,654,0
2026-09-12T06:28:25.8593789+00:00,host,DESKTOP-4DU3C4H,16,59997,9051,23143,1531488189,331.2,192.8,0,0,0,0,655,0
2026-09-12T06:28:26.8651344+00:00,host,DESKTOP-4DU3C4H,10,39458,9062,23168,1536805117,331.5,193.1,-6,0,0,0,656,0
2026-09-12T06:28:27.8723626+00:00,host,DESKTOP-4DU3C4H,11,38001,9073,23196,1541555294,320.2,181.8,1,0,0,0,657,16
2026-09-12T06:28:28.8862817+00:00,host,DESKTOP-4DU3C4H,12,40517,9086,23230,1547096024,329.9,191.6,1,0,0,0,658,0
2026-09-12T06:28:29.8844061+00:00,host,DESKTOP-4DU3C4H,14,53341,9100,23264,1553863715,339.7,201.3,2,0,0,0,659,0
2026-09-12T06:28:30.8784311+00:00,host,DESKTOP-4DU3C4H,10,38667,9110,23285,1558697114,331.5,193.1,-4,0,0,0,660,0
2026-09-12T06:28:31.8773758+00:00,host,DESKTOP-4DU3C4H,12,43093,9122,23321,1564083792,328.5,190.0,2,0,0,0,661,0
2026-09-12T06:28:32.8789328+00:00,host,DESKTOP-4DU3C4H,16,16343,9138,23367,1566159334,327.8,189.0,4,0,0,0,662,0
2026-09-12T06:28:33.8777626+00:00,host,DESKTOP-4DU3C4H,15,18086,9153,23403,1568490225,328.3,189.6,-1,0,0,0,663,0
2026-09-12T06:28:34.8840487+00:00,host,DESKTOP-4DU3C4H,16,15481,9169,23433,1570485300,328.6,190.0,1,0,0,0,664,0
2026-09-12T06:28:35.8770873+00:00,host,DESKTOP-4DU3C4H,16,22614,9185,23477,1573311991,328.1,189.6,0,0,0,0,665,0
2026-09-12T06:28:36.8758843+00:00,host,DESKTOP-4DU3C4H,16,23511,9201,23519,1576250849,328.6,190.3,0,0,0,0,666,0
2026-09-12T06:28:37.8759400+00:00,host,DESKTOP-4DU3C4H,16,23223,9217,23564,1579153684,328.2,189.7,0,0,0,0,667,0
2026-09-12T06:28:38.8722899+00:00,host,DESKTOP-4DU3C4H,16,23258,9233,23607,1582060905,336.6,198.3,0,0,0,0,668,0
2026-09-12T06:28:39.8804031+00:00,host,DESKTOP-4DU3C4H,16,23319,9249,23651,1584975822,321.2,182.8,0,0,0,0,669,0
2026-09-12T06:28:40.8836940+00:00,host,DESKTOP-4DU3C4H,16,23794,9266,23697,1588089830,320.7,182.2,0,0,0,0,670,0
2026-09-12T06:28:41.8735651+00:00,host,DESKTOP-4DU3C4H,16,23966,9283,23743,1591226385,335.5,198.0,0,0,0,0,671,0
2026-09-12T06:28:42.8800261+00:00,host,DESKTOP-4DU3C4H,16,23873,9299,23786,1594210481,329.6,191.2,0,0,0,0,672,0
2026-09-12T06:28:43.8840445+00:00,host,DESKTOP-4DU3C4H,16,21409,9316,23833,1597012327,321.2,182.8,0,0,0,0,673,0
2026-09-12T06:28:44.8838632+00:00,host,DESKTOP-4DU3C4H,16,19644,9333,23879,1599583197,328.9,190.7,0,0,0,0,674,0
2026-09-12T06:28:45.8850605+00:00,host,DESKTOP-4DU3C4H,16,19953,9350,23923,1602154663,329.0,190.5,0,0,0,0,675,0
2026-09-12T06:28:46.8741116+00:00,host,DESKTOP-4DU3C4H,16,19370,9366,23967,1604575862,336.0,198.9,0,0,0,0,676,0
2026-09-12T06:28:47.8797067+00:00,host,DESKTOP-4DU3C4H,16,19362,9382,24012,1606996097,329.3,190.9,0,0,0,0,677,0
2026-09-12T06:28:48.8765829+00:00,host,DESKTOP-4DU3C4H,16,19970,9399,24057,1609569670,329.3,191.1,0,0,0,0,678,0
2026-09-12T06:28:49.8763719+00:00,host,DESKTOP-4DU3C4H,16,19660,9416,24102,1612142722,329.3,190.9,0,0,0,0,679,0
2026-09-12T06:28:50.8799709+00:00,host,DESKTOP-4DU3C4H,16,19690,9433,24148,1614719600,329.0,190.8,0,0,0,0,680,0
2026-09-12T06:28:51.8812512+00:00,host,DESKTOP-4DU3C4H,16,19397,9449,24191,1617144281,329.3,190.9,0,0,0,0,681,0
2026-09-12T06:28:52.8821266+00:00,host,DESKTOP-4DU3C4H,16,19690,9466,24238,1619721218,329.0,190.7,0,0,0,0,682,0
2026-09-12T06:28:53.8790901+00:00,host,DESKTOP-4DU3C4H,16,19737,9483,24283,1622304237,329.0,190.7,0,0,0,0,683,0
2026-09-12T06:28:54.8814758+00:00,host,DESKTOP-4DU3C4H,16,19416,9499,24327,1624731204,329.2,190.9,0,0,0,0,684,0
2026-09-12T06:28:55.8818245+00:00,host,DESKTOP-4DU3C4H,16,19416,9499,24327,1624731204,329.3,191.0,0,0,0,0,685,0
2026-09-12T06:28:56.8860208+00:00,host,DESKTOP-4DU3C4H,16,20032,9516,24373,1627312886,329.2,190.8,0,0,0,0,686,0
2026-09-12T06:28:57.8784573+00:00,host,DESKTOP-4DU3C4H,15,16837,9531,24414,1629417546,322.0,183.5,-1,0,0,0,687,0
2026-09-12T06:28:58.8770115+00:00,host,DESKTOP-4DU3C4H,16,19336,9547,24450,1631834542,329.5,191.1,1,0,0,0,688,0
2026-09-12T06:28:59.8756710+00:00,host,DESKTOP-4DU3C4H,12,15102,9559,24472,1633722270,338.1,199.5,-4,0,0,0,689,0
2026-09-12T06:29:00.8841381+00:00,host,DESKTOP-4DU3C4H,8,8675,9567,24473,1634857664,329.8,191.4,-4,0,0,0,690,0
2026-09-12T06:29:01.8855521+00:00,host,DESKTOP-4DU3C4H,15,16081,9583,24505,1636962300,330.0,191.7,7,0,0,0,691,0
2026-09-12T06:29:02.8884661+00:00,host,DESKTOP-4DU3C4H,15,17534,9598,24545,1639153991,329.9,191.4,0,0,0,0,692,15
2026-09-12T06:29:03.9041866+00:00,host,DESKTOP-4DU3C4H,16,18840,9614,24578,1641546670,329.6,191.1,1,0,0,0,693,16
2026-09-12T06:29:04.9060888+00:00,host,DESKTOP-4DU3C4H,16,16192,9630,24610,1643600991,330.4,192.0,0,0,0,0,694,0
2026-09-12T06:29:05.9036676+00:00,host,DESKTOP-4DU3C4H,16,39422,9646,24653,1648607624,323.0,184.7,0,0,0,0,695,0
2026-09-12T06:29:06.9037158+00:00,host,DESKTOP-4DU3C4H,16,40687,9662,24698,1653851121,322.3,183.9,0,0,0,0,696,0
2026-09-12T06:29:07.9079856+00:00,host,DESKTOP-4DU3C4H,14,24310,9676,24734,1656889919,337.5,200.2,-2,0,0,0,697,0
2026-09-12T06:29:08.9091194+00:00,host,DESKTOP-4DU3C4H,16,30526,9692,24779,1660766665,339.3,201.3,2,0,0,0,698,0
2026-09-12T06:29:09.9128929+00:00,host,DESKTOP-4DU3C4H,8,14917,9701,24797,1662951949,331.4,193.3,-8,0,1,0,699,0
2026-09-12T06:29:10.9122904+00:00,host,DESKTOP-4DU3C4H,2,3768,9703,24797,1663437591,348.1,210.4,-6,0,0,0,700,0
2026-09-12T06:29:11.9133823+00:00,host,DESKTOP-4DU3C4H,2,3551,9705,24797,1663923233,332.3,194.5,0,0,0,0,701,0
2026-09-12T06:29:12.9069262+00:00,host,DESKTOP-4DU3C4H,3,5915,9709,24797,1664893301,330.6,192.2,1,0,0,0,702,0
2026-09-12T06:29:13.9174387+00:00,host,DESKTOP-4DU3C4H,3,4902,9712,24797,1665621183,347.5,209.7,0,0,0,0,703,0
2026-09-12T06:29:14.9182386+00:00,host,DESKTOP-4DU3C4H,3,4902,9712,24797,1665621183,330.4,191.6,0,0,0,0,704,0
2026-09-12T06:29:15.9327736+00:00,host,DESKTOP-4DU3C4H,2,3711,9714,24797,1666106345,321.9,183.8,-1,0,0,0,705,15
2026-09-12T06:29:16.9207988+00:00,host,DESKTOP-4DU3C4H,3,6136,9718,24797,1667077425,338.6,201.0,1,0,0,0,706,0
2026-09-12T06:29:17.9208801+00:00,host,DESKTOP-4DU3C4H,3,5567,9721,24797,1667805970,329.0,190.9,0,0,0,0,707,0
2026-09-12T06:29:18.9220858+00:00,host,DESKTOP-4DU3C4H,2,3769,9723,24797,1668291714,345.6,207.9,-1,0,0,0,708,0
2026-09-12T06:29:19.9231901+00:00,host,DESKTOP-4DU3C4H,3,6380,9727,24797,1669263895,321.0,182.6,1,0,0,0,709,0
2026-09-12T06:29:20.9253250+00:00,host,DESKTOP-4DU3C4H,3,6380,9727,24797,1669263895,321.1,182.9,0,0,0,0,710,0
2026-09-12T06:29:21.9293971+00:00,host,DESKTOP-4DU3C4H,14,27623,9747,24833,1674177597,319.2,181.3,11,0,0,0,711,0
2026-09-12T06:29:22.9286843+00:00,host,DESKTOP-4DU3C4H,14,27623,9747,24833,1674177597,327.8,190.1,0,0,0,0,712,0
2026-09-12T06:29:23.9282890+00:00,host,DESKTOP-4DU3C4H,5,10447,9754,24845,1675953643,320.3,182.6,-9,0,1,0,713,0
2026-09-12T06:29:24.9283693+00:00,host,DESKTOP-4DU3C4H,2,3765,9756,24845,1676461011,337.0,199.5,-3,0,0,0,714,0
2026-09-12T06:29:25.9326438+00:00,host,DESKTOP-4DU3C4H,2,3877,9758,24845,1676968379,320.6,182.8,0,0,0,0,715,0
2026-09-12T06:29:26.9325171+00:00,host,DESKTOP-4DU3C4H,2,3937,9760,24845,1677475747,329.1,191.5,0,0,0,0,716,0
2026-09-12T06:29:27.9320349+00:00,host,DESKTOP-4DU3C4H,2,3710,9762,24845,1677983115,346.3,209.3,0,0,0,0,717,0
2026-09-12T06:29:28.9206700+00:00,host,DESKTOP-4DU3C4H,3,5197,9765,24845,1678734035,338.0,200.5,1,0,0,0,718,0
2026-09-12T06:29:29.9213306+00:00,host,DESKTOP-4DU3C4H,3,5197,9765,24845,1678734035,328.7,191.1,0,0,0,0,719,0
2026-09-12T06:29:30.9288534+00:00,host,DESKTOP-4DU3C4H,4,8191,9771,24854,1680206337,329.4,191.9,1,0,0,0,720,0
2026-09-12T06:29:31.9272432+00:00,host,DESKTOP-4DU3C4H,4,7047,9775,24854,1681183163,346.2,209.0,0,0,0,0,721,0
2026-09-12T06:29:32.9293860+00:00,host,DESKTOP-4DU3C4H,2,3735,9777,24854,1681671987,329.3,191.5,-2,0,0,0,722,0
2026-09-12T06:29:33.9294637+00:00,host,DESKTOP-4DU3C4H,2,3876,9780,24854,1682406060,346.4,209.2,0,0,0,0,723,0
2026-09-12T06:29:34.9299512+00:00,host,DESKTOP-4DU3C4H,8,14970,9788,24872,1684365256,327.3,189.4,6,0,0,0,724,0
2026-09-12T06:29:35.9268245+00:00,host,DESKTOP-4DU3C4H,8,14970,9788,24872,1684365256,328.5,190.8,0,0,0,0,725,0
2026-09-12T06:29:36.9282569+00:00,host,DESKTOP-4DU3C4H,10,18809,9800,24895,1687304090,321.5,184.1,2,0,0,0,726,0
2026-09-12T06:29:37.9304402+00:00,host,DESKTOP-4DU3C4H,2,4889,9803,24895,1688039231,329.7,192.1,-8,0,0,0,727,0
2026-09-12T06:29:38.9338671+00:00,host,DESKTOP-4DU3C4H,4,8372,9808,24895,1689265660,320.7,183.0,2,0,0,0,728,0
2026-09-12T06:29:39.9195479+00:00,host,DESKTOP-4DU3C4H,16,31838,9824,24938,1693245406,337.2,200.1,12,0,0,0,729,0
2026-09-12T06:29:40.9204736+00:00,host,DESKTOP-4DU3C4H,9,17718,9833,24953,1695495576,321.4,184.2,-7,0,0,0,730,0
2026-09-12T06:29:41.9214921+00:00,host,DESKTOP-4DU3C4H,3,5627,9836,24953,1696231995,338.3,201.1,-6,0,0,0,731,0
2026-09-12T06:29:42.9216331+00:00,host,DESKTOP-4DU3C4H,3,5627,9836,24953,1696231995,321.4,183.4,0,0,0,0,732,0
2026-09-12T06:29:43.9255426+00:00,host,DESKTOP-4DU3C4H,3,6833,9841,24953,1697459362,347.2,210.3,0,0,0,0,733,0
2026-09-12T06:29:44.9275972+00:00,host,DESKTOP-4DU3C4H,3,5984,9845,24953,1698441464,331.3,194.2,0,0,0,0,734,0
2026-09-12T06:29:45.9271930+00:00,host,DESKTOP-4DU3C4H,2,4337,9848,24953,1699178138,323.6,186.5,-1,0,0,0,735,0
2026-09-12T06:29:46.9290966+00:00,host,DESKTOP-4DU3C4H,4,7394,9852,24953,1700160609,347.4,210.3,2,0,0,0,736,0
2026-09-12T06:29:47.9338998+00:00,host,DESKTOP-4DU3C4H,4,7394,9852,24953,1700160609,330.6,193.0,0,0,0,0,737,0
2026-09-12T06:29:48.9297842+00:00,host,DESKTOP-4DU3C4H,2,4193,9855,24953,1700897614,320.7,182.4,-2,0,0,0,738,0
2026-09-12T06:29:49.9314057+00:00,host,DESKTOP-4DU3C4H,3,5634,9858,24953,1701634946,337.3,199.4,1,0,0,0,739,0
2026-09-12T06:29:50.9326433+00:00,host,DESKTOP-4DU3C4H,3,5636,9861,24953,1702372576,319.6,181.7,0,0,0,0,740,0
2026-09-12T06:29:51.9321274+00:00,host,DESKTOP-4DU3C4H,16,32060,9877,24998,1706380132,336.6,199.2,13,0,0,0,741,0
2026-09-12T06:29:52.9332682+00:00,host,DESKTOP-4DU3C4H,6,12210,9883,25007,1707906335,345.3,208.1,-10,0,1,0,742,0
2026-09-12T06:29:53.9196833+00:00,host,DESKTOP-4DU3C4H,5,8871,9888,25010,1709136097,336.5,198.8,-1,0,0,0,743,0
2026-09-12T06:29:54.9209855+00:00,host,DESKTOP-4DU3C4H,3,5356,9892,25010,1710119615,329.7,192.1,-2,0,0,0,744,0
2026-09-12T06:29:55.9229424+00:00,host,DESKTOP-4DU3C4H,3,5816,9895,25010,1710857508,346.7,209.5,0,0,0,0,745,0
2026-09-12T06:29:56.9261236+00:00,host,DESKTOP-4DU3C4H,3,5816,9895,25010,1710857508,330.1,192.4,0,0,0,0,746,0
2026-09-12T06:29:57.9287964+00:00,host,DESKTOP-4DU3C4H,2,4904,9898,25010,1711595502,321.8,183.8,-1,0,0,0,747,0
2026-09-12T06:29:58.9269766+00:00,host,DESKTOP-4DU3C4H,3,5646,9901,25010,1712333653,346.8,209.5,1,0,0,0,748,0
2026-09-12T06:29:59.9317656+00:00,host,DESKTOP-4DU3C4H,3,5399,9904,25010,1713071923,330.4,192.9,0,0,0,0,749,0
2026-09-12T06:30:00.9279801+00:00,host,DESKTOP-4DU3C4H,7,13179,9911,25022,1714796749,329.1,191.9,4,0,0,0,750,0
2026-09-12T06:30:01.9326661+00:00,host,DESKTOP-4DU3C4H,16,31576,9927,25066,1718743696,321.8,184.6,9,0,0,0,751,0
2026-09-12T06:30:02.9329085+00:00,host,DESKTOP-4DU3C4H,16,31638,9943,25103,1722698423,329.6,192.5,0,0,0,0,752,0
2026-09-12T06:30:03.9348111+00:00,host,DESKTOP-4DU3C4H,14,28408,9958,25139,1726416320,337.7,200.6,-2,0,0,0,753,16
2026-09-12T06:30:04.9369528+00:00,host,DESKTOP-4DU3C4H,3,6779,9962,25145,1727409514,328.1,190.5,-11,0,1,0,754,0
2026-09-12T06:30:05.9369687+00:00,host,DESKTOP-4DU3C4H,3,6779,9962,25145,1727409514,336.3,198.7,0,0,0,0,755,0
2026-09-12T06:30:06.9373974+00:00,host,DESKTOP-4DU3C4H,5,10759,9972,25166,1729889437,328.5,191.1,2,0,0,0,756,0
2026-09-12T06:30:07.9377291+00:00,host,DESKTOP-4DU3C4H,15,29755,9987,25206,1733608791,319.7,182.1,10,0,0,0,757,0
2026-09-12T06:30:08.9437667+00:00,host,DESKTOP-4DU3C4H,15,25946,10002,25242,1736952637,320.3,182.6,0,0,0,0,758,0
2026-09-12T06:30:09.9419107+00:00,host,DESKTOP-4DU3C4H,14,20988,10017,25279,1739699444,320.1,182.6,-1,0,0,0,759,0
2026-09-12T06:30:10.9412663+00:00,host,DESKTOP-4DU3C4H,9,13925,10028,25302,1741765498,327.9,190.2,-5,0,0,0,760,0
2026-09-12T06:30:11.9453296+00:00,host,DESKTOP-4DU3C4H,3,4507,10031,25302,1742328865,328.6,190.9,-6,0,0,0,761,0
2026-09-12T06:30:12.9446854+00:00,host,DESKTOP-4DU3C4H,7,10051,10038,25309,1743644320,321.1,183.4,4,0,0,0,762,0
2026-09-12T06:30:13.9463010+00:00,host,DESKTOP-4DU3C4H,8,12025,10046,25317,1745147492,321.3,183.6,1,0,0,0,763,0
2026-09-12T06:30:14.9481756+00:00,host,DESKTOP-4DU3C4H,3,4509,10049,25317,1745711078,345.9,208.5,-5,0,0,0,764,0
2026-09-12T06:30:15.9490687+00:00,host,DESKTOP-4DU3C4H,3,4509,10052,25317,1746274720,338.0,200.7,0,0,0,0,765,0
2026-09-12T06:30:16.9508208+00:00,host,DESKTOP-4DU3C4H,3,4509,10055,25317,1746838334,330.1,192.6,0,0,0,0,766,16
2026-09-12T06:30:17.9581479+00:00,host,DESKTOP-4DU3C4H,3,4509,10055,25317,1746838334,338.4,200.8,0,0,0,0,767,0
2026-09-12T06:30:18.9557165+00:00,host,DESKTOP-4DU3C4H,3,4276,10059,25317,1747589882,330.5,192.9,0,0,0,0,768,0
2026-09-12T06:30:19.9558730+00:00,host,DESKTOP-4DU3C4H,2,2748,10061,25318,1747965682,330.6,193.0,-1,0,0,0,769,0
2026-09-12T06:30:20.9560775+00:00,host,DESKTOP-4DU3C4H,3,4309,10064,25318,1748529562,321.1,183.0,1,0,0,0,770,0
2026-09-12T06:30:21.9635615+00:00,host,DESKTOP-4DU3C4H,3,4247,10067,25318,1749093403,327.9,190.2,0,0,0,0,771,0
2026-09-12T06:30:22.9588647+00:00,host,DESKTOP-4DU3C4H,16,24100,10083,25360,1752105901,344.8,207.5,13,0,0,0,772,0
2026-09-12T06:30:23.9591088+00:00,host,DESKTOP-4DU3C4H,10,14848,10093,25376,1753991596,328.3,190.8,-6,0,0,0,773,0
2026-09-12T06:30:24.9645093+00:00,host,DESKTOP-4DU3C4H,11,17074,10105,25407,1756260295,328.0,190.2,1,0,0,0,774,0
2026-09-12T06:30:25.9612065+00:00,host,DESKTOP-4DU3C4H,16,22212,10122,25447,1759164476,320.5,182.8,5,0,0,0,775,0
2026-09-12T06:30:26.9618534+00:00,host,DESKTOP-4DU3C4H,13,13820,10135,25471,1760892009,320.9,183.4,-3,0,0,0,776,0
2026-09-12T06:30:27.9644095+00:00,host,DESKTOP-4DU3C4H,16,26432,10151,25512,1764196063,337.6,200.4,3,0,0,0,777,0
2026-09-12T06:30:28.9651474+00:00,host,DESKTOP-4DU3C4H,10,18199,10161,25534,1766577888,329.9,192.4,-6,0,0,0,778,0
2026-09-12T06:30:29.9530345+00:00,host,DESKTOP-4DU3C4H,2,3486,10163,25534,1767054564,320.6,182.7,-8,0,0,0,779,0
2026-09-12T06:30:30.9661415+00:00,host,DESKTOP-4DU3C4H,3,5343,10167,25534,1768004305,337.6,200.2,1,0,0,0,780,15
2026-09-12T06:30:31.9715660+00:00,host,DESKTOP-4DU3C4H,3,5446,10170,25534,1768717012,329.6,192.0,0,0,0,0,781,0
2026-09-12T06:30:32.9814012+00:00,host,DESKTOP-4DU3C4H,3,5446,10170,25534,1768717012,346.7,209.5,0,0,0,0,782,0
2026-09-12T06:30:33.9786032+00:00,host,DESKTOP-4DU3C4H,2,4398,10173,25534,1769430004,346.6,209.4,-1,0,0,0,783,0
2026-09-12T06:30:34.9711329+00:00,host,DESKTOP-4DU3C4H,3,5802,10177,25534,1770381589,338.9,201.7,1,0,0,0,784,0
2026-09-12T06:30:35.9761858+00:00,host,DESKTOP-4DU3C4H,3,5602,10181,25534,1771333926,321.6,183.4,0,0,0,0,785,0
2026-09-12T06:30:36.9709853+00:00,host,DESKTOP-4DU3C4H,8,15040,10189,25547,1773242074,337.2,199.6,5,0,0,0,786,0
2026-09-12T06:30:37.9759091+00:00,host,DESKTOP-4DU3C4H,8,15040,10189,25547,1773242074,329.3,191.8,0,0,0,0,787,0
2026-09-12T06:30:38.9724621+00:00,host,DESKTOP-4DU3C4H,10,18691,10200,25574,1775942969,329.2,191.8,2,0,0,0,788,0
2026-09-12T06:30:39.9744174+00:00,host,DESKTOP-4DU3C4H,6,11373,10208,25582,1777853599,321.2,183.5,-4,0,0,0,789,0
2026-09-12T06:30:40.9744806+00:00,host,DESKTOP-4DU3C4H,3,4937,10211,25582,1778567003,321.7,184.0,-3,0,0,0,790,0
2026-09-12T06:30:41.9781842+00:00,host,DESKTOP-4DU3C4H,4,6856,10215,25582,1779518252,338.3,200.9,1,0,0,0,791,0
2026-09-12T06:30:42.9783871+00:00,host,DESKTOP-4DU3C4H,4,6864,10219,25582,1780469758,338.9,201.5,0,0,0,0,792,0
2026-09-12T06:30:43.9782057+00:00,host,DESKTOP-4DU3C4H,4,6864,10219,25582,1780469758,320.3,181.9,0,0,0,0,793,0
2026-09-12T06:30:44.9810318+00:00,host,DESKTOP-4DU3C4H,2,4017,10222,25582,1781183739,345.6,207.6,-2,0,0,0,794,0
2026-09-12T06:30:45.9807848+00:00,host,DESKTOP-4DU3C4H,3,5602,10226,25582,1782135430,335.9,198.3,1,0,0,0,795,0
2026-09-12T06:30:46.9765363+00:00,host,DESKTOP-4DU3C4H,15,28608,10241,25622,1785711401,328.8,191.3,12,0,0,0,796,0
2026-09-12T06:30:47.9694949+00:00,host,DESKTOP-4DU3C4H,3,5137,10244,25622,1786424124,329.3,191.8,-12,0,1,0,797,0
2026-09-12T06:30:48.9702467+00:00,host,DESKTOP-4DU3C4H,3,5006,10247,25622,1787137537,345.7,208.3,0,0,0,0,798,0
2026-09-12T06:30:49.9707527+00:00,host,DESKTOP-4DU3C4H,10,18202,10257,25648,1789519760,328.1,190.4,7,0,0,0,799,0
2026-09-12T06:30:50.9706201+00:00,host,DESKTOP-4DU3C4H,16,22368,10273,25685,1792315818,320.8,183.2,6,0,0,0,800,0
2026-09-12T06:30:51.9703449+00:00,host,DESKTOP-4DU3C4H,16,22368,10273,25685,1792315818,328.8,191.3,0,0,0,0,801,0
2026-09-12T06:30:52.9722305+00:00,host,DESKTOP-4DU3C4H,12,16200,10287,25715,1794689089,327.7,191.3,-4,0,0,0,802,0
2026-09-12T06:30:53.9755048+00:00,host,DESKTOP-4DU3C4H,15,20559,10303,25750,1797379801,327.5,192.0,3,0,0,0,803,0
2026-09-12T06:30:54.9777431+00:00,host,DESKTOP-4DU3C4H,16,28827,10319,25792,1800983204,321.4,184.0,1,0,0,0,804,0
2026-09-12T06:30:55.9783570+00:00,host,DESKTOP-4DU3C4H,16,30121,10335,25833,1804748333,321.8,184.5,0,0,0,0,805,0
2026-09-12T06:30:56.9808445+00:00,host,DESKTOP-4DU3C4H,16,30116,10352,25880,1808750036,322.3,185.0,0,0,0,0,806,0
2026-09-12T06:30:57.9664753+00:00,host,DESKTOP-4DU3C4H,15,28038,10368,25918,1812415943,330.6,193.2,-1,0,0,0,807,0
2026-09-12T06:30:58.9672159+00:00,host,DESKTOP-4DU3C4H,4,6469,10372,25925,1813313560,322.7,185.6,-11,0,1,0,808,0
2026-09-12T06:30:59.9678275+00:00,host,DESKTOP-4DU3C4H,12,21537,10384,25951,1816005651,330.8,193.8,8,0,0,0,809,0
2026-09-12T06:31:00.9707358+00:00,host,DESKTOP-4DU3C4H,4,6760,10389,25960,1817127770,322.3,185.3,-8,0,1,0,810,0
2026-09-12T06:31:01.9707373+00:00,host,DESKTOP-4DU3C4H,16,28716,10405,26003,1820717284,336.1,197.9,12,0,0,0,811,0
2026-09-12T06:31:02.9758441+00:00,host,DESKTOP-4DU3C4H,16,28716,10405,26003,1820717284,336.6,198.7,0,0,0,0,812,0
2026-09-12T06:31:03.9744187+00:00,host,DESKTOP-4DU3C4H,2,3148,10409,26004,1821614801,329.0,191.2,-14,0,1,0,813,0
2026-09-12T06:31:04.9740259+00:00,host,DESKTOP-4DU3C4H,16,28724,10425,26048,1825205241,329.7,192.3,14,0,0,0,814,0
2026-09-12T06:31:05.9785371+00:00,host,DESKTOP-4DU3C4H,16,28724,10425,26048,1825205241,330.0,192.6,0,0,0,0,815,0
2026-09-12T06:31:06.9796691+00:00,host,DESKTOP-4DU3C4H,13,23619,10440,26072,1828573874,338.2,200.9,-3,0,0,0,816,0
2026-09-12T06:31:07.9830156+00:00,host,DESKTOP-4DU3C4H,2,4324,10443,26073,1829249429,328.9,191.3,-11,0,1,0,817,16
2026-09-12T06:31:08.9839825+00:00,host,DESKTOP-4DU3C4H,16,15729,10460,26105,1831276502,329.5,192.0,14,0,0,0,818,0
2026-09-12T06:31:09.9841051+00:00,host,DESKTOP-4DU3C4H,14,18481,10474,26136,1833586599,321.5,184.0,-2,0,0,0,819,0
2026-09-12T06:31:10.9987756+00:00,host,DESKTOP-4DU3C4H,13,17949,10487,26163,1835830273,321.2,183.6,-1,0,0,0,820,16
2026-09-12T06:31:12.0054914+00:00,host,DESKTOP-4DU3C4H,5,6521,10494,26175,1837039923,337.4,199.8,-8,0,1,0,821,0
2026-09-12T06:31:13.0064877+00:00,host,DESKTOP-4DU3C4H,5,6521,10494,26175,1837039923,329.9,192.4,0,0,0,0,822,0
2026-09-12T06:31:14.0075489+00:00,host,DESKTOP-4DU3C4H,3,4370,10498,26175,1837731490,346.2,208.7,-2,0,0,0,823,0
2026-09-12T06:31:15.0096665+00:00,host,DESKTOP-4DU3C4H,2,2530,10500,26175,1838077513,346.4,208.9,-1,0,0,0,824,0
2026-09-12T06:31:16.0027007+00:00,host,DESKTOP-4DU3C4H,3,4274,10504,26175,1838770464,337.2,199.6,1,0,0,0,825,0
2026-09-12T06:31:17.0094808+00:00,host,DESKTOP-4DU3C4H,4,5702,10509,26175,1839638619,329.3,191.4,1,0,0,0,826,0
2026-09-12T06:31:18.0062657+00:00,host,DESKTOP-4DU3C4H,9,12145,10518,26191,1841205283,328.4,190.9,5,0,0,0,827,0
2026-09-12T06:31:19.0124604+00:00,host,DESKTOP-4DU3C4H,16,17269,10535,26235,1843430873,328.7,191.2,7,0,0,0,828,0
2026-09-12T06:31:20.0002020+00:00,host,DESKTOP-4DU3C4H,15,18466,10551,26275,1845847546,328.9,191.4,-1,0,0,0,829,0
2026-09-12T06:31:21.0135903+00:00,host,DESKTOP-4DU3C4H,16,16506,10568,26307,1848007833,336.6,199.2,1,0,0,0,830,15
2026-09-12T06:31:22.0150708+00:00,host,DESKTOP-4DU3C4H,16,15315,10584,26319,1849950867,321.1,183.5,0,0,0,0,831,0
2026-09-12T06:31:23.0141991+00:00,host,DESKTOP-4DU3C4H,16,16001,10601,26328,1852014962,329.1,191.4,0,0,0,0,832,0
2026-09-12T06:31:24.0162987+00:00,host,DESKTOP-4DU3C4H,16,16033,10618,26338,1854081225,329.1,191.6,0,0,0,0,833,0
2026-09-12T06:31:25.0165658+00:00,host,DESKTOP-4DU3C4H,16,16025,10635,26346,1856146446,337.0,199.4,0,0,0,0,834,0
2026-09-12T06:31:26.0183795+00:00,host,DESKTOP-4DU3C4H,16,16010,10652,26355,1858209681,321.4,183.8,0,0,0,0,835,0
2026-09-12T06:31:27.0173056+00:00,host,DESKTOP-4DU3C4H,16,15772,10669,26364,1860273879,321.3,183.7,0,0,0,0,836,0
2026-09-12T06:31:28.0218717+00:00,host,DESKTOP-4DU3C4H,16,15772,10669,26364,1860273879,328.4,190.9,0,0,0,0,837,0
2026-09-12T06:31:29.0213976+00:00,host,DESKTOP-4DU3C4H,15,17323,10685,26382,1862608113,345.4,208.2,-1,0,0,0,838,0
2026-09-12T06:31:30.0219297+00:00,host,DESKTOP-4DU3C4H,2,2537,10687,26382,1862955095,329.8,192.3,-13,0,1,0,839,0
2026-09-12T06:31:31.0222058+00:00,host,DESKTOP-4DU3C4H,8,10604,10695,26388,1864342839,321.4,184.1,6,0,0,0,840,0
2026-09-12T06:31:32.0209722+00:00,host,DESKTOP-4DU3C4H,9,13193,10705,26398,1866094263,329.7,192.3,1,0,0,0,841,0
2026-09-12T06:31:33.0259576+00:00,host,DESKTOP-4DU3C4H,5,7050,10710,26401,1867003766,345.7,208.3,-4,0,0,0,842,0
2026-09-12T06:31:34.0263315+00:00,host,DESKTOP-4DU3C4H,2,2700,10712,26401,1867367612,320.9,183.2,-3,0,0,0,843,0
2026-09-12T06:31:35.0302816+00:00,host,DESKTOP-4DU3C4H,3,4366,10715,26405,1867913379,321.0,183.3,1,0,0,0,844,16
2026-09-12T06:31:36.0467979+00:00,host,DESKTOP-4DU3C4H,6,9308,10722,26410,1869186190,336.2,198.4,3,0,0,0,845,15
2026-09-12T06:31:37.0468670+00:00,host,DESKTOP-4DU3C4H,5,6852,10727,26417,1870095789,337.1,199.6,-1,0,0,0,846,0
2026-09-12T06:31:38.0465058+00:00,host,DESKTOP-4DU3C4H,2,2660,10729,26417,1870459557,329.1,191.4,-3,0,0,0,847,0
2026-09-12T06:31:39.0468187+00:00,host,DESKTOP-4DU3C4H,2,2771,10731,26419,1870822249,321.4,183.8,0,0,0,0,848,0
2026-09-12T06:31:40.0478153+00:00,host,DESKTOP-4DU3C4H,6,8447,10738,26428,1872042895,345.6,208.2,4,0,0,0,849,0
2026-09-12T06:31:41.0528445+00:00,host,DESKTOP-4DU3C4H,2,2560,10740,26429,1872387789,329.6,192.1,-4,0,0,0,850,0
2026-09-12T06:31:42.0480245+00:00,host,DESKTOP-4DU3C4H,3,3734,10743,26429,1872905393,329.9,192.5,1,0,0,0,851,0
2026-09-12T06:31:43.0577365+00:00,host,DESKTOP-4DU3C4H,8,11081,10751,26445,1874290543,329.4,192.1,5,0,0,0,852,0
2026-09-12T06:31:44.0556184+00:00,host,DESKTOP-4DU3C4H,8,11081,10751,26445,1874290543,329.3,192.0,0,0,0,0,853,0
2026-09-12T06:31:45.0592769+00:00,host,DESKTOP-4DU3C4H,8,8974,10759,26459,1875465006,337.8,200.6,0,0,0,0,854,0
2026-09-12T06:31:46.0491221+00:00,host,DESKTOP-4DU3C4H,16,15986,10776,26468,1877527235,338.3,201.0,8,0,0,0,855,0
2026-09-12T06:31:47.0518821+00:00,host,DESKTOP-4DU3C4H,16,16021,10793,26477,1879591967,320.8,183.2,0,0,0,0,856,0
2026-09-12T06:31:48.0539317+00:00,host,DESKTOP-4DU3C4H,16,16002,10810,26485,1881654184,327.5,189.3,0,0,0,0,857,0
2026-09-12T06:31:49.0567994+00:00,host,DESKTOP-4DU3C4H,16,15752,10827,26495,1883715722,328.0,190.1,0,0,0,0,858,0
2026-09-12T06:31:50.0593480+00:00,host,DESKTOP-4DU3C4H,16,16009,10844,26503,1885778864,320.0,182.1,0,0,0,0,859,0
2026-09-12T06:31:51.0462386+00:00,host,DESKTOP-4DU3C4H,16,15763,10861,26532,1887841838,327.8,189.9,0,0,0,0,860,0
2026-09-12T06:31:52.0488648+00:00,host,DESKTOP-4DU3C4H,17,16246,10878,26545,1889905035,335.7,197.9,1,0,0,0,861,0
2026-09-12T06:31:53.0507690+00:00,host,DESKTOP-4DU3C4H,16,15785,10895,26565,1891970855,336.2,198.4,-1,0,0,0,862,0
2026-09-12T06:31:54.0503285+00:00,host,DESKTOP-4DU3C4H,17,16298,10912,26573,1894038640,320.4,182.6,1,0,0,0,863,0
2026-09-12T06:31:55.0533489+00:00,host,DESKTOP-4DU3C4H,17,16298,10912,26573,1894038640,320.3,182.4,0,0,0,0,864,0
2026-09-12T06:31:56.0542541+00:00,host,DESKTOP-4DU3C4H,7,7563,10929,26582,1896210034,320.5,182.4,-10,0,1,0,865,0
2026-09-12T06:31:57.0543942+00:00,host,DESKTOP-4DU3C4H,4,5501,10933,26587,1896908675,326.7,190.1,-3,0,0,0,866,0
2026-09-12T06:31:58.0607506+00:00,host,DESKTOP-4DU3C4H,12,16259,10945,26613,1899004097,320.2,182.6,8,0,0,0,867,16
2026-09-12T06:31:59.0771340+00:00,host,DESKTOP-4DU3C4H,14,19243,10959,26645,1901447998,320.5,182.7,2,0,0,0,868,16
2026-09-12T06:32:00.0788564+00:00,host,DESKTOP-4DU3C4H,15,21591,10975,26684,1904270976,336.4,198.8,1,0,0,0,869,0
2026-09-12T06:32:01.0800563+00:00,host,DESKTOP-4DU3C4H,11,15681,10986,26704,1906231145,328.3,190.3,-4,0,0,0,870,0
2026-09-12T06:32:02.0791177+00:00,host,DESKTOP-4DU3C4H,11,15681,10986,26704,1906231145,328.4,190.7,0,0,0,0,871,0
2026-09-12T06:32:03.0796207+00:00,host,DESKTOP-4DU3C4H,11,15681,10986,26704,1906231145,320.4,182.6,0,0,0,0,872,0
2026-09-12T06:32:04.0798865+00:00,host,DESKTOP-4DU3C4H,5,6704,10997,26724,1908156063,328.2,190.4,-6,0,0,0,873,0
2026-09-12T06:32:05.0807797+00:00,host,DESKTOP-4DU3C4H,10,13953,11009,26747,1910254191,336.7,198.9,5,0,0,0,874,0
2026-09-12T06:32:06.0814747+00:00,host,DESKTOP-4DU3C4H,10,13541,11019,26760,1912000955,328.8,190.9,0,0,0,0,875,0
2026-09-12T06:32:07.0922818+00:00,host,DESKTOP-4DU3C4H,6,8625,11027,26768,1913399347,336.8,198.8,-4,0,0,0,876,15
2026-09-12T06:32:08.0970521+00:00,host,DESKTOP-4DU3C4H,5,6489,11032,26768,1914273745,329.8,191.9,-1,0,0,0,877,0
2026-09-12T06:32:09.1055318+00:00,host,DESKTOP-4DU3C4H,3,4209,11035,26768,1914799852,322.0,184.2,-2,0,0,0,878,0
2026-09-12T06:32:10.1005593+00:00,host,DESKTOP-4DU3C4H,4,6249,11040,26768,1915678593,322.3,184.5,1,0,0,0,879,0
2026-09-12T06:32:11.1020864+00:00,host,DESKTOP-4DU3C4H,2,2732,11042,26768,1916030664,338.2,200.4,-2,0,0,0,880,0
2026-09-12T06:32:12.1026974+00:00,host,DESKTOP-4DU3C4H,6,8208,11048,26774,1917088466,320.7,182.8,4,0,0,0,881,0
2026-09-12T06:32:13.0987708+00:00,host,DESKTOP-4DU3C4H,9,13091,11058,26793,1918852461,337.1,199.3,3,0,0,0,882,0
2026-09-12T06:32:14.0995177+00:00,host,DESKTOP-4DU3C4H,2,2580,11060,26793,1919205293,321.3,183.5,-7,0,0,0,883,0
2026-09-12T06:32:15.1014241+00:00,host,DESKTOP-4DU3C4H,2,2738,11062,26793,1919558125,337.3,199.5,0,0,0,0,884,0
2026-09-12T06:32:16.1046901+00:00,host,DESKTOP-4DU3C4H,2,2738,11062,26793,1919558125,345.7,208.2,0,0,0,0,885,0
2026-09-12T06:32:17.1077699+00:00,host,DESKTOP-4DU3C4H,2,2696,11064,26793,1919910957,330.3,192.8,0,0,0,0,886,16
2026-09-12T06:32:18.1121504+00:00,host,DESKTOP-4DU3C4H,2,2580,11066,26793,1920263789,351.7,214.6,0,0,0,0,887,0
2026-09-12T06:32:19.1113223+00:00,host,DESKTOP-4DU3C4H,2,2738,11068,26793,1920616621,343.9,206.8,0,0,0,0,888,0
2026-09-12T06:32:20.1128126+00:00,host,DESKTOP-4DU3C4H,3,4231,11071,26793,1921145456,343.8,206.4,1,0,0,0,889,0
2026-09-12T06:32:21.1107626+00:00,host,DESKTOP-4DU3C4H,4,5397,11075,26795,1921851772,336.4,199.8,1,0,0,0,890,0
2026-09-12T06:32:22.1160664+00:00,host,DESKTOP-4DU3C4H,16,22633,11091,26827,1924680846,321.6,184.1,12,0,0,0,891,0
2026-09-12T06:32:23.1126598+00:00,host,DESKTOP-4DU3C4H,15,21305,11106,26861,1927343994,330.3,193.0,-1,0,0,0,892,0
2026-09-12T06:32:24.1149630+00:00,host,DESKTOP-4DU3C4H,7,10514,11114,26867,1928781783,330.7,193.2,-8,0,1,0,893,0
2026-09-12T06:32:25.1116983+00:00,host,DESKTOP-4DU3C4H,5,7653,11120,26871,1929872364,330.5,193.0,-2,0,0,0,894,0
2026-09-12T06:32:26.1130147+00:00,host,DESKTOP-4DU3C4H,7,10208,11128,26875,1931328295,338.2,200.8,2,0,0,0,895,0
2026-09-12T06:32:27.1191244+00:00,host,DESKTOP-4DU3C4H,15,19391,11144,26898,1933980049,330.4,193.1,8,0,0,0,896,0
2026-09-12T06:32:28.1181534+00:00,host,DESKTOP-4DU3C4H,7,9579,11152,26913,1935307939,330.1,192.6,-8,0,1,0,897,0
2026-09-12T06:32:29.1179832+00:00,host,DESKTOP-4DU3C4H,15,19711,11168,26953,1937887647,329.9,192.5,8,0,0,0,898,0
2026-09-12T06:32:30.1213198+00:00,host,DESKTOP-4DU3C4H,13,16103,11181,26982,1939900554,338.1,200.8,-2,0,0,0,899,0
2026-09-12T06:32:31.1215764+00:00,host,DESKTOP-4DU3C4H,14,17338,11195,27005,1942067746,330.0,192.7,1,0,0,0,900,0
2026-09-12T06:32:32.1241297+00:00,host,DESKTOP-4DU3C4H,13,16129,11208,27024,1944083853,330.0,192.7,-1,0,0,0,901,16
2026-09-12T06:32:33.1264580+00:00,host,DESKTOP-4DU3C4H,13,16672,11222,27052,1946299114,322.0,184.7,0,0,0,0,902,0
2026-09-12T06:32:34.1261774+00:00,host,DESKTOP-4DU3C4H,13,16672,11222,27052,1946299114,346.8,209.7,0,0,0,0,903,0
2026-09-12T06:32:35.1276293+00:00,host,DESKTOP-4DU3C4H,9,11307,11233,27065,1948043254,345.7,208.5,-4,0,0,0,904,0
2026-09-12T06:32:36.1277984+00:00,host,DESKTOP-4DU3C4H,9,11267,11243,27079,1949605203,337.1,201.8,0,0,0,0,905,0
2026-09-12T06:32:37.1271436+00:00,host,DESKTOP-4DU3C4H,13,17904,11257,27101,1952017701,330.6,193.6,4,0,0,0,906,0
2026-09-12T06:32:38.1300247+00:00,host,DESKTOP-4DU3C4H,15,18840,11272,27127,1954448058,331.0,194.0,2,0,0,0,907,0
2026-09-12T06:32:39.1304933+00:00,host,DESKTOP-4DU3C4H,15,19371,11287,27150,1956905801,331.0,194.0,0,0,0,0,908,0
2026-09-12T06:32:40.1360297+00:00,host,DESKTOP-4DU3C4H,12,15225,11299,27173,1958839366,330.3,193.3,-3,0,0,0,909,0
2026-09-12T06:32:41.1301762+00:00,host,DESKTOP-4DU3C4H,12,14700,11311,27188,1960733885,346.6,209.7,0,0,0,0,910,0
2026-09-12T06:32:42.1317801+00:00,host,DESKTOP-4DU3C4H,3,3698,11315,27188,1961362506,331.3,194.2,-9,0,1,0,911,0
2026-09-12T06:32:43.1313362+00:00,host,DESKTOP-4DU3C4H,3,3698,11315,27188,1961362506,347.5,210.4,0,0,0,0,912,0
2026-09-12T06:32:44.1363781+00:00,host,DESKTOP-4DU3C4H,2,2596,11318,27188,1961834084,337.8,200.0,-1,0,0,0,913,0
2026-09-12T06:32:45.1321609+00:00,host,DESKTOP-4DU3C4H,3,4300,11322,27188,1962464075,330.3,192.5,1,0,0,0,914,0
2026-09-12T06:32:46.1326892+00:00,host,DESKTOP-4DU3C4H,3,3622,11325,27188,1962937610,330.4,192.7,0,0,0,0,915,0
2026-09-12T06:32:47.1342825+00:00,host,DESKTOP-4DU3C4H,3,3596,11329,27188,1963569991,346.4,208.7,0,0,0,0,916,0
2026-09-12T06:32:48.1338952+00:00,host,DESKTOP-4DU3C4H,2,2454,11331,27188,1963886210,330.1,192.5,-1,0,0,0,917,0
2026-09-12T06:32:49.1377904+00:00,host,DESKTOP-4DU3C4H,2,2312,11333,27188,1964202429,346.4,208.8,0,0,0,0,918,0
2026-09-12T06:32:50.1388359+00:00,host,DESKTOP-4DU3C4H,2,2454,11335,27188,1964518648,330.7,193.1,0,0,0,0,919,0
2026-09-12T06:32:51.1391536+00:00,host,DESKTOP-4DU3C4H,2,2454,11335,27188,1964518648,338.6,201.1,0,0,0,0,920,15
2026-09-12T06:32:52.1558055+00:00,host,DESKTOP-4DU3C4H,2,2347,11337,27188,1964834867,320.8,182.8,0,0,0,0,921,16
2026-09-12T06:32:53.1562167+00:00,host,DESKTOP-4DU3C4H,2,2416,11339,27188,1965151086,337.5,199.7,0,0,0,0,922,0
2026-09-12T06:32:54.1572510+00:00,host,DESKTOP-4DU3C4H,2,2312,11341,27188,1965467305,321.7,183.7,0,0,0,0,923,0
2026-09-12T06:32:55.1615915+00:00,host,DESKTOP-4DU3C4H,2,2454,11343,27188,1965783524,337.5,199.5,0,0,0,0,924,0
2026-09-12T06:32:56.1601210+00:00,host,DESKTOP-4DU3C4H,2,2416,11345,27188,1966099743,321.7,183.7,0,0,0,0,925,0
2026-09-12T06:32:57.1626644+00:00,host,DESKTOP-4DU3C4H,2,2312,11347,27188,1966415962,337.6,199.7,0,0,0,0,926,0
2026-09-12T06:32:58.1633467+00:00,host,DESKTOP-4DU3C4H,2,2492,11349,27188,1966732181,320.6,182.2,0,0,0,0,927,0
2026-09-12T06:32:59.1641228+00:00,host,DESKTOP-4DU3C4H,2,2312,11351,27188,1967048400,336.4,198.1,0,0,0,0,928,0
2026-09-12T06:33:00.1640817+00:00,host,DESKTOP-4DU3C4H,2,2454,11353,27188,1967364619,344.7,206.6,0,0,0,0,929,0
2026-09-12T06:33:01.1672580+00:00,host,DESKTOP-4DU3C4H,2,2312,11355,27189,1967680841,329.0,190.9,0,0,0,0,930,0
2026-09-12T06:33:02.1665539+00:00,host,DESKTOP-4DU3C4H,2,2454,11357,27189,1967997051,320.8,182.7,0,0,0,0,931,0
2026-09-12T06:33:03.1665824+00:00,host,DESKTOP-4DU3C4H,2,2312,11359,27189,1968313261,336.8,198.8,0,0,0,0,932,0
2026-09-12T06:33:04.1661301+00:00,host,DESKTOP-4DU3C4H,2,2347,11361,27189,1968629471,321.4,183.4,0,0,0,0,933,0
2026-09-12T06:33:05.1664282+00:00,host,DESKTOP-4DU3C4H,2,2454,11363,27189,1968945681,337.3,199.3,0,0,0,0,934,0
2026-09-12T06:33:06.1685374+00:00,host,DESKTOP-4DU3C4H,2,2416,11365,27189,1969261891,321.6,183.8,0,0,0,0,935,0
2026-09-12T06:33:07.1694072+00:00,host,DESKTOP-4DU3C4H,2,2347,11367,27189,1969578101,337.5,199.7,0,0,0,0,936,0
2026-09-12T06:33:08.1699544+00:00,host,DESKTOP-4DU3C4H,2,2416,11369,27189,1969894311,321.6,183.8,0,0,0,0,937,0
2026-09-12T06:33:09.1585498+00:00,host,DESKTOP-4DU3C4H,2,2416,11369,27189,1969894311,329.6,191.9,0,0,0,0,938,0
2026-09-12T06:33:10.1605886+00:00,host,DESKTOP-4DU3C4H,2,2347,11371,27189,1970210521,345.8,208.0,0,0,0,0,939,0
2026-09-12T06:33:11.1624470+00:00,host,DESKTOP-4DU3C4H,2,2451,11373,27189,1970526731,329.3,191.4,0,0,0,0,940,0
2026-09-12T06:33:12.1623583+00:00,host,DESKTOP-4DU3C4H,2,2314,11375,27189,1970842941,345.9,208.3,0,0,0,0,941,0
2026-09-12T06:33:13.1652649+00:00,host,DESKTOP-4DU3C4H,2,2451,11377,27189,1971159151,328.5,190.6,0,0,0,0,942,0
2026-09-12T06:33:14.1680074+00:00,host,DESKTOP-4DU3C4H,2,2314,11379,27189,1971475361,344.4,206.4,0,0,0,0,943,0
2026-09-12T06:33:15.1667342+00:00,host,DESKTOP-4DU3C4H,2,2416,11381,27189,1971791571,328.3,190.4,0,0,0,0,944,0
2026-09-12T06:33:16.1683001+00:00,host,DESKTOP-4DU3C4H,2,2454,11383,27189,1972107781,344.5,206.6,0,0,0,0,945,0
2026-09-12T06:33:17.1684607+00:00,host,DESKTOP-4DU3C4H,2,2344,11385,27189,1972423991,328.2,190.0,0,0,0,0,946,0
2026-09-12T06:33:18.1710376+00:00,host,DESKTOP-4DU3C4H,2,2418,11387,27189,1972740201,336.5,198.4,0,0,0,0,947,15
2026-09-12T06:33:19.1861242+00:00,host,DESKTOP-4DU3C4H,2,2344,11389,27189,1973056411,328.9,190.8,0,0,0,0,948,16
2026-09-12T06:33:20.1916273+00:00,host,DESKTOP-4DU3C4H,3,3475,11392,27189,1973531174,321.3,183.2,1,0,0,0,949,0
2026-09-12T06:33:21.1932460+00:00,host,DESKTOP-4DU3C4H,4,4991,11396,27189,1974165005,345.7,207.9,1,0,0,0,950,0
2026-09-12T06:33:22.2016339+00:00,host,DESKTOP-4DU3C4H,3,4399,11400,27189,1974800605,345.9,208.1,-1,0,0,0,951,0
2026-09-12T06:33:23.1936214+00:00,host,DESKTOP-4DU3C4H,2,2430,11402,27189,1975118682,329.8,192.0,-1,0,0,0,952,0
2026-09-12T06:33:24.1982998+00:00,host,DESKTOP-4DU3C4H,2,2360,11404,27189,1975436759,345.6,207.8,0,0,0,0,953,0
2026-09-12T06:33:25.1952913+00:00,host,DESKTOP-4DU3C4H,2,2430,11406,27189,1975754836,329.0,191.0,0,0,0,0,954,0
2026-09-12T06:33:26.1998166+00:00,host,DESKTOP-4DU3C4H,2,2430,11406,27189,1975754836,337.3,199.4,0,0,0,0,955,0
2026-09-12T06:33:27.2007168+00:00,host,DESKTOP-4DU3C4H,2,2360,11408,27189,1976072913,321.6,183.6,0,0,0,0,956,0
2026-09-12T06:33:28.2010854+00:00,host,DESKTOP-4DU3C4H,2,2430,11410,27189,1976390990,337.6,199.7,0,0,0,0,957,0
2026-09-12T06:33:29.1870465+00:00,host,DESKTOP-4DU3C4H,2,2468,11412,27189,1976709067,321.8,183.9,0,0,0,0,958,0
2026-09-12T06:33:30.1885696+00:00,host,DESKTOP-4DU3C4H,2,2326,11414,27189,1977027144,337.6,199.7,0,0,0,0,959,0
2026-09-12T06:33:31.1910604+00:00,host,DESKTOP-4DU3C4H,2,2468,11416,27189,1977345221,321.8,183.9,0,0,0,0,960,0
2026-09-12T06:33:32.1912823+00:00,host,DESKTOP-4DU3C4H,2,2326,11418,27189,1977663298,337.7,199.8,0,0,0,0,961,0
2026-09-12T06:33:33.1947928+00:00,host,DESKTOP-4DU3C4H,2,2468,11420,27189,1977981375,320.5,182.2,0,0,0,0,962,0
2026-09-12T06:33:34.1949357+00:00,host,DESKTOP-4DU3C4H,2,2326,11422,27189,1978299452,336.4,198.1,0,0,0,0,963,0
2026-09-12T06:33:35.1879161+00:00,host,DESKTOP-4DU3C4H,2,2430,11424,27189,1978617529,344.6,206.6,0,0,0,0,964,0
2026-09-12T06:33:36.1973873+00:00,host,DESKTOP-4DU3C4H,2,2811,11427,27189,1979095047,337.0,198.9,0,0,0,0,965,0
2026-09-12T06:33:37.1958716+00:00,host,DESKTOP-4DU3C4H,2,2811,11427,27189,1979095047,329.2,191.3,0,0,0,0,966,0
2026-09-12T06:33:38.2002966+00:00,host,DESKTOP-4DU3C4H,3,3363,11431,27189,1979732347,345.2,207.3,1,0,0,0,967,0
2026-09-12T06:33:39.2000512+00:00,host,DESKTOP-4DU3C4H,2,2552,11434,27189,1980210822,329.5,191.7,-1,0,0,0,968,0
2026-09-12T06:33:40.2010843+00:00,host,DESKTOP-4DU3C4H,6,7522,11440,27189,1981166137,345.7,207.9,4,0,0,0,969,0
2026-09-12T06:33:41.1887085+00:00,host,DESKTOP-4DU3C4H,3,3652,11443,27189,1981643694,337.4,199.5,-3,0,0,0,970,0
2026-09-12T06:33:42.1878573+00:00,host,DESKTOP-4DU3C4H,3,3652,11443,27189,1981643694,321.7,183.7,0,0,0,0,971,0
2026-09-12T06:33:43.1895276+00:00,host,DESKTOP-4DU3C4H,2,2632,11446,27189,1982122081,337.6,199.6,-1,0,0,0,972,0
2026-09-12T06:33:44.1895908+00:00,host,DESKTOP-4DU3C4H,2,2440,11448,27189,1982441063,321.9,184.0,0,0,0,0,973,0
2026-09-12T06:33:45.2025359+00:00,host,DESKTOP-4DU3C4H,2,2333,11450,27189,1982760045,337.8,199.8,0,0,0,0,974,16
2026-09-12T06:33:46.2178602+00:00,host,DESKTOP-4DU3C4H,3,3356,11453,27189,1983238720,329.8,191.9,1,0,0,0,975,15
2026-09-12T06:33:47.2278941+00:00,host,DESKTOP-4DU3C4H,3,4046,11457,27189,1983878459,321.7,183.7,0,0,0,0,976,0
2026-09-12T06:33:48.2195221+00:00,host,DESKTOP-4DU3C4H,3,4046,11457,27189,1983878459,337.7,199.8,0,0,0,0,977,0
2026-09-12T06:33:49.2280565+00:00,host,DESKTOP-4DU3C4H,3,3465,11460,27189,1984359239,345.8,207.9,0,0,0,0,978,0
2026-09-12T06:33:50.2232758+00:00,host,DESKTOP-4DU3C4H,4,5558,11465,27189,1985162427,346.1,208.4,1,0,0,0,979,0
2026-09-12T06:33:51.2244218+00:00,host,DESKTOP-4DU3C4H,4,4648,11469,27189,1985806755,338.2,200.5,0,0,0,0,980,0
2026-09-12T06:33:52.2258266+00:00,host,DESKTOP-4DU3C4H,3,3343,11472,27189,1986290227,320.9,182.8,-1,0,0,0,981,0
2026-09-12T06:33:53.2285395+00:00,host,DESKTOP-4DU3C4H,2,2392,11474,27189,1986612528,328.8,190.7,-1,0,0,0,982,0
2026-09-12T06:33:54.2282889+00:00,host,DESKTOP-4DU3C4H,2,2463,11476,27189,1986934829,344.8,206.7,0,0,0,0,983,0
2026-09-12T06:33:55.2255209+00:00,host,DESKTOP-4DU3C4H,2,3097,11479,27189,1987418668,337.1,199.1,0,0,0,0,984,0
2026-09-12T06:33:56.2323399+00:00,host,DESKTOP-4DU3C4H,2,3097,11479,27189,1987418668,337.3,199.2,0,0,0,0,985,0
2026-09-12T06:33:57.2186040+00:00,host,DESKTOP-4DU3C4H,4,5173,11484,27189,1988226874,329.5,191.5,2,0,0,0,986,0
2026-09-12T06:33:58.2314303+00:00,host,DESKTOP-4DU3C4H,3,3888,11487,27189,1988712908,329.8,191.9,-1,0,0,0,987,0
2026-09-12T06:33:59.2308517+00:00,host,DESKTOP-4DU3C4H,4,4683,11491,27189,1989362063,322.0,184.1,1,0,0,0,988,0
2026-09-12T06:34:00.2322519+00:00,host,DESKTOP-4DU3C4H,3,3728,11494,27189,1989850008,320.8,183.0,-1,0,0,0,989,0
2026-09-12T06:34:01.2314200+00:00,host,DESKTOP-4DU3C4H,13,16883,11507,27215,1991960329,327.3,189.6,10,0,0,0,990,0
2026-09-12T06:34:02.2320896+00:00,host,DESKTOP-4DU3C4H,16,19574,11523,27256,1994407109,327.9,190.3,3,0,0,0,991,0
2026-09-12T06:34:03.2196974+00:00,host,DESKTOP-4DU3C4H,16,19871,11540,27302,1997007787,326.9,190.1,0,0,0,0,992,0
2026-09-12T06:34:04.2229276+00:00,host,DESKTOP-4DU3C4H,16,19868,11557,27348,1999608034,328.3,190.6,0,0,0,0,993,0
2026-09-12T06:34:05.2227646+00:00,host,DESKTOP-4DU3C4H,16,19830,11574,27394,2002203280,320.1,182.4,0,0,0,0,994,0
2026-09-12T06:34:06.2250635+00:00,host,DESKTOP-4DU3C4H,16,19574,11590,27438,2004650083,328.4,190.5,0,0,0,0,995,0
2026-09-12T06:34:07.2267812+00:00,host,DESKTOP-4DU3C4H,16,19621,11606,27481,2007102683,328.3,190.5,0,0,0,0,996,0
2026-09-12T06:34:08.2267856+00:00,host,DESKTOP-4DU3C4H,16,19984,11623,27527,2009715646,320.5,182.9,0,0,0,0,997,0
2026-09-12T06:34:09.2305813+00:00,host,DESKTOP-4DU3C4H,16,20406,11640,27573,2012386336,336.3,198.6,0,0,0,0,998,0
2026-09-12T06:34:10.2311935+00:00,host,DESKTOP-4DU3C4H,16,20424,11657,27619,2015059296,328.4,190.8,0,0,0,0,999,0
2026-09-12T06:34:11.2329185+00:00,host,DESKTOP-4DU3C4H,16,20078,11673,27663,2017609199,320.4,182.8,0,0,0,0,1000,0
2026-09-12T06:34:12.2494119+00:00,host,DESKTOP-4DU3C4H,12,15913,11686,27688,2019721651,320.4,182.6,-4,0,0,0,1001,32
2026-09-12T06:34:13.2527891+00:00,host,DESKTOP-4DU3C4H,16,21108,11703,27729,2022484105,334.0,197.9,4,0,0,0,1002,0
2026-09-12T06:34:14.2522460+00:00,host,DESKTOP-4DU3C4H,15,18452,11718,27764,2024790552,336.4,198.8,-1,0,0,0,1003,0
2026-09-12T06:34:15.2587374+00:00,host,DESKTOP-4DU3C4H,16,15079,11735,27780,2026733911,325.0,191.0,1,0,0,0,1004,0
2026-09-12T06:34:16.2574345+00:00,host,DESKTOP-4DU3C4H,16,14395,11752,27809,2028590874,336.7,199.0,0,0,0,0,1005,0
2026-09-12T06:34:17.2566297+00:00,host,DESKTOP-4DU3C4H,16,14391,11769,27823,2030445576,343.6,207.1,0,0,0,0,1006,0
2026-09-12T06:34:18.2593667+00:00,host,DESKTOP-4DU3C4H,16,14380,11786,27832,2032298763,329.0,191.2,0,0,0,0,1007,0
2026-09-12T06:34:19.2576791+00:00,host,DESKTOP-4DU3C4H,14,13244,11800,27838,2033980690,329.1,191.2,-2,0,0,0,1008,0
2026-09-12T06:34:20.2612521+00:00,host,DESKTOP-4DU3C4H,14,13244,11800,27838,2033980690,329.1,191.4,0,0,0,0,1009,0
2026-09-12T06:34:21.2631132+00:00,host,DESKTOP-4DU3C4H,14,13244,11800,27838,2033980690,329.2,191.4,0,0,0,0,1010,0
2026-09-12T06:34:22.2618978+00:00,host,DESKTOP-4DU3C4H,14,13244,11800,27838,2033980690,329.1,191.4,0,0,0,0,1011,0
2026-09-12T06:34:23.2618515+00:00,host,DESKTOP-4DU3C4H,14,13244,11800,27838,2033980690,329.1,191.5,0,0,0,0,1012,0
2026-09-12T06:34:24.2624828+00:00,host,DESKTOP-4DU3C4H,14,13244,11800,27838,2033980690,329.1,191.5,0,0,0,0,1013,0
2026-09-12T06:34:25.2654570+00:00,host,DESKTOP-4DU3C4H,14,13244,11800,27838,2033980690,329.1,191.5,0,0,0,0,1014,15
2026-09-12T06:34:26.2789396+00:00,host,DESKTOP-4DU3C4H,14,13244,11800,27838,2033980690,329.1,191.5,0,0,0,0,1015,0
2026-09-12T06:34:27.2813831+00:00,host,DESKTOP-4DU3C4H,14,13244,11800,27838,2033980690,329.1,191.5,0,0,0,0,1016,16
2026-09-12T06:34:28.2828286+00:00,host,DESKTOP-4DU3C4H,14,13244,11800,27838,2033980690,329.2,191.5,0,0,0,0,1017,0
2026-09-12T06:34:29.2839738+00:00,host,DESKTOP-4DU3C4H,14,13244,11800,27838,2033980690,329.2,191.5,0,0,0,0,1018,0
2026-09-12T06:34:30.2877103+00:00,host,DESKTOP-4DU3C4H,14,13244,11800,27838,2033980690,329.2,191.5,0,0,0,0,1019,0
2026-09-12T06:34:31.2866157+00:00,host,DESKTOP-4DU3C4H,14,13244,11800,27838,2033980690,329.2,191.5,0,0,0,0,1020,0
2026-09-12T06:34:32.2892112+00:00,host,DESKTOP-4DU3C4H,1,1330,11813,27864,2036066811,336.8,199.2,-13,0,1,0,1021,0
2026-09-12T06:34:33.2905422+00:00,host,DESKTOP-4DU3C4H,16,20564,11830,27906,2038758117,320.9,183.3,15,0,0,0,1022,0
2026-09-12T06:34:34.2908944+00:00,host,DESKTOP-4DU3C4H,16,20187,11847,27953,2041359702,329.0,191.5,0,0,0,0,1023,0
2026-09-12T06:34:35.2930990+00:00,host,DESKTOP-4DU3C4H,16,19884,11864,27998,2043962067,328.8,191.2,0,0,0,0,1024,0
2026-09-12T06:34:36.2957507+00:00,host,DESKTOP-4DU3C4H,16,19679,11880,28039,2046421880,328.8,191.0,0,0,0,0,1025,0
2026-09-12T06:34:37.3115801+00:00,host,DESKTOP-4DU3C4H,11,14704,11892,28061,2048346303,336.8,199.1,-5,0,0,0,1026,15
2026-09-12T06:34:38.3122303+00:00,host,DESKTOP-4DU3C4H,11,14315,11904,28081,2050217996,320.3,182.5,0,0,0,0,1027,16
2026-09-12T06:34:39.3115997+00:00,host,DESKTOP-4DU3C4H,10,12349,11916,28104,2052076547,328.6,190.9,-1,0,0,0,1028,0
2026-09-12T06:34:40.3132181+00:00,host,DESKTOP-4DU3C4H,10,12385,11928,28123,2054011721,328.4,190.7,0,0,0,0,1029,0
2026-09-12T06:34:41.3140805+00:00,host,DESKTOP-4DU3C4H,10,12385,11928,28123,2054011721,320.8,183.1,0,0,0,0,1030,0
2026-09-12T06:34:42.3140298+00:00,host,DESKTOP-4DU3C4H,6,7283,11934,28129,2054993095,320.8,183.3,-4,0,0,0,1031,0
2026-09-12T06:34:43.3166257+00:00,host,DESKTOP-4DU3C4H,14,19346,11948,28156,2057447609,328.2,190.4,8,0,0,0,1032,0
2026-09-12T06:34:44.3181652+00:00,host,DESKTOP-4DU3C4H,11,13910,11960,28176,2059431454,329.2,191.4,-3,0,0,0,1033,0
2026-09-12T06:34:45.3182496+00:00,host,DESKTOP-4DU3C4H,11,14783,11972,28194,2061539903,329.4,191.7,0,0,0,0,1034,0
2026-09-12T06:34:46.3207981+00:00,host,DESKTOP-4DU3C4H,11,14783,11972,28194,2061539903,329.4,191.7,0,0,0,0,1035,0
2026-09-12T06:34:47.3219714+00:00,host,DESKTOP-4DU3C4H,11,14783,11972,28194,2061539903,329.4,191.7,0,0,0,0,1036,0
2026-09-12T06:34:48.3230577+00:00,host,DESKTOP-4DU3C4H,11,14783,11972,28194,2061539903,329.4,191.8,0,0,0,0,1037,0
2026-09-12T06:34:49.3256364+00:00,host,DESKTOP-4DU3C4H,11,14783,11972,28194,2061539903,329.4,191.8,0,0,0,0,1038,0
2026-09-12T06:34:50.3249361+00:00,host,DESKTOP-4DU3C4H,1,886,11975,28199,2062067585,328.1,190.3,-10,0,0,0,1039,0
2026-09-12T06:34:51.3268915+00:00,host,DESKTOP-4DU3C4H,6,8913,11985,28217,2063825764,320.5,183.0,5,0,0,0,1040,0
2026-09-12T06:34:52.3423592+00:00,host,DESKTOP-4DU3C4H,16,20440,12001,28249,2066462507,328.8,191.4,10,0,0,0,1041,16
2026-09-12T06:34:53.3435779+00:00,host,DESKTOP-4DU3C4H,9,11953,12010,28262,2067979068,321.5,183.9,-7,0,0,0,1042,15
2026-09-12T06:34:54.3456577+00:00,host,DESKTOP-4DU3C4H,14,17763,12024,28295,2070234970,329.0,191.6,5,0,0,0,1043,0
2026-09-12T06:34:55.3469354+00:00,host,DESKTOP-4DU3C4H,16,19933,12041,28340,2072843759,327.5,189.8,2,0,0,0,1044,0
2026-09-12T06:34:56.3464903+00:00,host,DESKTOP-4DU3C4H,16,19934,12058,28386,2075452565,327.6,190.0,0,0,0,0,1045,0
2026-09-12T06:34:57.3487149+00:00,host,DESKTOP-4DU3C4H,16,19948,12075,28431,2078060767,319.8,182.1,0,0,0,0,1046,0
2026-09-12T06:34:58.3493162+00:00,host,DESKTOP-4DU3C4H,16,19930,12092,28478,2080669070,319.6,182.0,0,0,0,0,1047,0
2026-09-12T06:34:59.3529851+00:00,host,DESKTOP-4DU3C4H,16,19914,12109,28523,2083275338,333.9,197.9,0,0,0,0,1048,0
2026-09-12T06:35:00.3480155+00:00,host,DESKTOP-4DU3C4H,15,17524,12124,28565,2085500917,335.7,197.9,-1,0,0,0,1049,0
2026-09-12T06:35:01.3551899+00:00,host,DESKTOP-4DU3C4H,16,18331,12140,28609,2087792329,328.0,190.4,1,0,0,0,1050,0
2026-09-12T06:35:02.3571820+00:00,host,DESKTOP-4DU3C4H,16,18331,12140,28609,2087792329,319.7,182.1,0,0,0,0,1051,0
2026-09-12T06:35:03.3594200+00:00,host,DESKTOP-4DU3C4H,3,4415,12146,28721,2088896006,327.4,189.8,-13,0,1,0,1052,16
2026-09-12T06:35:04.3741254+00:00,host,DESKTOP-4DU3C4H,16,23733,12163,28766,2092001999,320.3,182.8,13,0,0,0,1053,0
2026-09-12T06:35:05.3745837+00:00,host,DESKTOP-4DU3C4H,16,23733,12163,28766,2092001999,328.1,190.6,0,0,0,0,1054,16
2026-09-12T06:35:06.3792870+00:00,host,DESKTOP-4DU3C4H,16,23842,12180,28812,2095122370,328.4,191.0,0,0,0,0,1055,0
2026-09-12T06:35:07.3777075+00:00,host,DESKTOP-4DU3C4H,16,23963,12197,28859,2098255500,328.9,191.6,0,0,0,0,1056,0
2026-09-12T06:35:08.3774024+00:00,host,DESKTOP-4DU3C4H,16,23725,12213,28903,2101221069,328.5,191.2,0,0,0,0,1057,0
2026-09-12T06:35:09.3880668+00:00,host,DESKTOP-4DU3C4H,16,24218,12230,28948,2104390662,328.6,191.3,0,0,0,0,1058,0
2026-09-12T06:35:10.3803995+00:00,host,DESKTOP-4DU3C4H,16,24372,12247,28995,2107580383,337.2,200.1,0,0,0,0,1059,0
2026-09-12T06:35:11.3820242+00:00,host,DESKTOP-4DU3C4H,16,24477,12264,29040,2110783799,328.9,191.6,0,0,0,0,1060,0
2026-09-12T06:35:12.3846639+00:00,host,DESKTOP-4DU3C4H,16,24652,12281,29086,2114010067,320.9,183.7,0,0,0,0,1061,0
2026-09-12T06:35:13.3863248+00:00,host,DESKTOP-4DU3C4H,16,20247,12297,29131,2116581377,328.9,191.8,0,0,0,0,1062,0
2026-09-12T06:35:14.3853200+00:00,host,DESKTOP-4DU3C4H,16,19587,12313,29174,2119029745,321.0,183.6,0,0,0,0,1063,0
2026-09-12T06:35:15.3894158+00:00,host,DESKTOP-4DU3C4H,13,16631,12326,29202,2121139847,336.9,199.8,-3,0,0,0,1064,0
2026-09-12T06:35:16.4044281+00:00,host,DESKTOP-4DU3C4H,16,20161,12342,29237,2123738032,329.1,191.7,3,0,0,0,1065,15
2026-09-12T06:35:17.4052742+00:00,host,DESKTOP-4DU3C4H,13,17180,12355,29259,2125885509,329.3,191.9,-3,0,0,0,1066,0
2026-09-12T06:35:18.4203131+00:00,host,DESKTOP-4DU3C4H,9,12359,12364,29276,2127455057,329.3,192.0,-4,0,0,0,1067,16
2026-09-12T06:35:19.4217373+00:00,host,DESKTOP-4DU3C4H,9,12359,12364,29276,2127455057,329.3,192.0,0,0,0,0,1068,15
2026-09-12T06:35:20.4355144+00:00,host,DESKTOP-4DU3C4H,9,12359,12364,29276,2127455057,329.3,192.0,0,0,0,0,1069,0
2026-09-12T06:35:21.4234591+00:00,host,DESKTOP-4DU3C4H,9,12359,12364,29276,2127455057,329.3,192.0,0,0,0,0,1070,0
2026-09-12T06:35:22.4259312+00:00,host,DESKTOP-4DU3C4H,2,2195,12371,29282,2128676896,321.7,184.3,-7,0,0,0,1071,0
2026-09-12T06:35:23.4247618+00:00,host,DESKTOP-4DU3C4H,11,14898,12382,29302,2130596838,321.5,184.4,9,0,0,0,1072,0
2026-09-12T06:35:24.4284173+00:00,host,DESKTOP-4DU3C4H,15,21332,12398,29330,2133388702,319.6,181.6,4,0,0,0,1073,0
2026-09-12T06:35:25.4278630+00:00,host,DESKTOP-4DU3C4H,12,16233,12410,29351,2135482701,335.7,198.0,-3,0,0,0,1074,0
2026-09-12T06:35:26.4291994+00:00,host,DESKTOP-4DU3C4H,15,21366,12426,29385,2138276262,334.9,198.4,3,0,0,0,1075,0
2026-09-12T06:35:27.4313963+00:00,host,DESKTOP-4DU3C4H,15,16817,12441,29416,2140445668,328.3,190.7,0,0,0,0,1076,0
2026-09-12T06:35:28.4315913+00:00,host,DESKTOP-4DU3C4H,14,16048,12455,29443,2142451615,320.5,183.1,-1,0,0,0,1077,0
2026-09-12T06:35:29.4302005+00:00,host,DESKTOP-4DU3C4H,14,15058,12469,29465,2144392221,328.7,191.3,0,0,0,0,1078,0
2026-09-12T06:35:30.4336131+00:00,host,DESKTOP-4DU3C4H,13,14230,12482,29493,2146170915,336.2,198.7,-1,0,0,0,1079,0
2026-09-12T06:35:31.4333706+00:00,host,DESKTOP-4DU3C4H,7,7518,12489,29503,2147139848,328.1,190.5,-6,0,0,0,1080,0
2026-09-12T06:35:32.4338164+00:00,host,DESKTOP-4DU3C4H,9,9638,12498,29516,2148363906,328.1,190.5,2,0,0,0,1081,0
2026-09-12T06:35:33.4342246+00:00,host,DESKTOP-4DU3C4H,9,9638,12498,29516,2148363906,328.5,191.0,0,0,0,0,1082,0
2026-09-12T06:35:34.4357947+00:00,host,DESKTOP-4DU3C4H,12,13101,12510,29544,2150052238,320.5,183.0,3,0,0,0,1083,0
2026-09-12T06:35:35.4220429+00:00,host,DESKTOP-4DU3C4H,13,14903,12525,29582,2152265272,336.5,199.2,1,0,0,0,1084,0
2026-09-12T06:35:36.4369628+00:00,host,DESKTOP-4DU3C4H,12,14659,12538,29608,2154181987,328.3,190.8,-1,0,0,0,1085,0
2026-09-12T06:35:37.4228197+00:00,host,DESKTOP-4DU3C4H,16,19428,12555,29649,2156688190,320.6,183.2,4,0,0,0,1086,0
2026-09-12T06:35:38.4233977+00:00,host,DESKTOP-4DU3C4H,11,12584,12566,29669,2158309905,328.9,191.4,-5,0,0,0,1087,0
2026-09-12T06:35:39.4253148+00:00,host,DESKTOP-4DU3C4H,7,8008,12573,29678,2159341975,345.1,207.8,-4,0,0,0,1088,0
2026-09-12T06:35:40.4259032+00:00,host,DESKTOP-4DU3C4H,6,7241,12580,29687,2160374737,337.0,199.8,-1,0,0,0,1089,0
2026-09-12T06:35:41.4275098+00:00,host,DESKTOP-4DU3C4H,4,4256,12584,29694,2160964669,329.1,191.9,-2,0,0,0,1090,0
2026-09-12T06:35:42.4285489+00:00,host,DESKTOP-4DU3C4H,11,12588,12595,29720,2162586903,337.1,200.0,7,0,0,0,1091,0
2026-09-12T06:35:43.4297647+00:00,host,DESKTOP-4DU3C4H,13,15282,12611,29754,2164946105,321.5,184.4,2,0,0,0,1092,0
2026-09-12T06:35:44.4320513+00:00,host,DESKTOP-4DU3C4H,13,14315,12624,29780,2166735510,337.3,200.3,0,0,0,0,1093,0
2026-09-12T06:35:45.4314010+00:00,host,DESKTOP-4DU3C4H,13,14315,12624,29780,2166735510,329.8,192.8,0,0,0,0,1094,0
2026-09-12T06:35:46.4338004+00:00,host,DESKTOP-4DU3C4H,7,7390,12633,29792,2167947413,321.1,183.8,-6,0,0,0,1095,0
2026-09-12T06:35:47.4307901+00:00,host,DESKTOP-4DU3C4H,16,16753,12650,29831,2170238368,321.7,184.5,9,0,0,0,1096,0
2026-09-12T06:35:48.4346534+00:00,host,DESKTOP-4DU3C4H,9,9291,12659,29839,2171454299,329.4,192.2,-7,0,0,0,1097,0
2026-09-12T06:35:49.4320396+00:00,host,DESKTOP-4DU3C4H,7,7245,12666,29849,2172402524,329.2,192.1,-2,0,0,0,1098,0
2026-09-12T06:35:50.4352630+00:00,host,DESKTOP-4DU3C4H,11,11886,12678,29878,2174027993,329.0,191.7,4,0,0,0,1099,0
2026-09-12T06:35:51.4372729+00:00,host,DESKTOP-4DU3C4H,2,2092,12680,29878,2174297663,345.1,207.8,-9,0,0,0,1100,16
2026-09-12T06:35:52.4392427+00:00,host,DESKTOP-4DU3C4H,8,8627,12688,29897,2175375979,337.3,200.2,6,0,0,0,1101,0
2026-09-12T06:35:53.4391038+00:00,host,DESKTOP-4DU3C4H,8,8625,12696,29908,2176454102,321.6,184.3,0,0,0,0,1102,0
2026-09-12T06:35:54.4532487+00:00,host,DESKTOP-4DU3C4H,6,6292,12702,29913,2177264941,336.2,198.4,-2,0,0,0,1103,16
2026-09-12T06:35:55.4584980+00:00,host,DESKTOP-4DU3C4H,4,4074,12706,29913,2177806328,344.2,207.1,-2,0,0,0,1104,0
2026-09-12T06:35:56.4604805+00:00,host,DESKTOP-4DU3C4H,4,4082,12710,29913,2178348157,320.2,182.3,0,0,0,0,1105,0
2026-09-12T06:35:57.4570378+00:00,host,DESKTOP-4DU3C4H,13,14464,12724,29935,2180241166,327.8,190.2,9,0,0,0,1106,0
2026-09-12T06:35:58.4567089+00:00,host,DESKTOP-4DU3C4H,13,14039,12737,29958,2181996025,327.8,190.1,0,0,0,0,1107,0
2026-09-12T06:35:59.4667720+00:00,host,DESKTOP-4DU3C4H,10,9032,12747,29995,2183143133,327.9,190.4,-3,0,0,0,1108,0
2026-09-12T06:36:00.4583736+00:00,host,DESKTOP-4DU3C4H,15,16938,12762,30032,2185292201,320.7,183.3,5,0,0,0,1109,0
2026-09-12T06:36:01.4541989+00:00,host,DESKTOP-4DU3C4H,5,7911,12767,30037,2186281030,328.4,191.6,-10,0,1,0,1110,0
2026-09-12T06:36:02.4681790+00:00,host,DESKTOP-4DU3C4H,14,22724,12782,30071,2189255010,329.5,192.2,9,0,0,0,1111,0
2026-09-12T06:36:03.4697767+00:00,host,DESKTOP-4DU3C4H,16,25291,12798,30115,2192416437,336.0,199.8,2,0,0,0,1112,15
2026-09-12T06:36:04.4830943+00:00,host,DESKTOP-4DU3C4H,16,23428,12814,30151,2195344924,329.1,191.7,0,0,0,0,1113,0
2026-09-12T06:36:05.4710201+00:00,host,DESKTOP-4DU3C4H,16,23428,12814,30151,2195344924,337.2,199.9,0,0,0,0,1114,0
2026-09-12T06:36:06.4806297+00:00,host,DESKTOP-4DU3C4H,16,23428,12814,30151,2195344924,337.2,199.9,0,0,0,0,1115,0
2026-09-12T06:36:07.4745451+00:00,host,DESKTOP-4DU3C4H,16,23428,12814,30151,2195344924,337.2,199.9,0,0,0,0,1116,0
2026-09-12T06:36:08.4792220+00:00,host,DESKTOP-4DU3C4H,2,2197,12821,30159,2196284739,329.2,191.8,-14,0,1,0,1117,0
2026-09-12T06:36:09.4766385+00:00,host,DESKTOP-4DU3C4H,15,15658,12836,30187,2198302688,321.3,184.0,13,0,0,0,1118,0
2026-09-12T06:36:10.4728005+00:00,host,DESKTOP-4DU3C4H,2,2588,12839,30187,2198707090,337.5,200.1,-13,0,1,0,1119,0
2026-09-12T06:36:11.4787618+00:00,host,DESKTOP-4DU3C4H,3,3242,12842,30192,2199112367,344.8,207.4,1,0,0,0,1120,0
2026-09-12T06:36:12.4791067+00:00,host,DESKTOP-4DU3C4H,13,13853,12855,30216,2200871651,329.5,192.1,10,0,0,0,1121,0
2026-09-12T06:36:13.4803702+00:00,host,DESKTOP-4DU3C4H,3,2983,12859,30217,2201413365,345.4,208.0,-10,0,1,0,1122,0
2026-09-12T06:36:14.4800816+00:00,host,DESKTOP-4DU3C4H,2,1981,12861,30217,2201684222,329.7,192.3,-1,0,0,0,1123,0
2026-09-12T06:36:15.4805670+00:00,host,DESKTOP-4DU3C4H,2,1981,12861,30217,2201684222,345.7,208.3,0,0,0,0,1124,0
2026-09-12T06:36:16.4818540+00:00,host,DESKTOP-4DU3C4H,2,2102,12863,30217,2201955079,322.1,184.7,0,0,0,0,1125,0
2026-09-12T06:36:17.4828883+00:00,host,DESKTOP-4DU3C4H,2,1981,12865,30217,2202225936,338.2,200.8,0,0,0,0,1126,0
2026-09-12T06:36:18.4848537+00:00,host,DESKTOP-4DU3C4H,2,2070,12867,30217,2202496793,322.5,185.1,0,0,0,0,1127,16
2026-09-12T06:36:19.4859320+00:00,host,DESKTOP-4DU3C4H,2,2102,12869,30217,2202767650,338.4,201.0,0,0,0,0,1128,0
2026-09-12T06:36:20.4846758+00:00,host,DESKTOP-4DU3C4H,2,1981,12871,30217,2203038507,320.7,182.8,0,0,0,0,1129,0
2026-09-12T06:36:21.5002034+00:00,host,DESKTOP-4DU3C4H,2,2102,12873,30217,2203309364,336.6,198.7,0,0,0,0,1130,16
2026-09-12T06:36:22.5034296+00:00,host,DESKTOP-4DU3C4H,2,1981,12875,30217,2203580221,320.8,182.9,0,0,0,0,1131,0
2026-09-12T06:36:23.5050079+00:00,host,DESKTOP-4DU3C4H,2,2102,12877,30217,2203851078,336.8,199.0,0,0,0,0,1132,0
2026-09-12T06:36:24.5067449+00:00,host,DESKTOP-4DU3C4H,2,1981,12879,30217,2204121935,321.0,183.3,0,0,0,0,1133,0
2026-09-12T06:36:25.5053965+00:00,host,DESKTOP-4DU3C4H,2,2102,12881,30217,2204392792,329.1,191.4,0,0,0,0,1134,0
2026-09-12T06:36:26.5059119+00:00,host,DESKTOP-4DU3C4H,2,1981,12883,30217,2204663649,345.0,207.3,0,0,0,0,1135,0
2026-09-12T06:36:27.5053292+00:00,host,DESKTOP-4DU3C4H,2,2102,12885,30217,2204934506,329.4,191.7,0,0,0,0,1136,0
2026-09-12T06:36:28.5086600+00:00,host,DESKTOP-4DU3C4H,2,2070,12887,30217,2205205363,345.3,207.6,0,0,0,0,1137,0
2026-09-12T06:36:29.5077217+00:00,host,DESKTOP-4DU3C4H,2,1982,12889,30217,2205476220,328.4,190.6,0,0,0,0,1138,0
2026-09-12T06:36:30.5093529+00:00,host,DESKTOP-4DU3C4H,4,4142,12893,30222,2206018321,320.6,182.8,2,0,0,0,1139,0
2026-09-12T06:36:31.5101880+00:00,host,DESKTOP-4DU3C4H,2,2101,12895,30222,2206289337,336.5,198.7,-2,0,0,0,1140,0
